date,garch_scaled_return
2021-01-04,0.0
2021-01-05,0.011171189185120901
2021-01-06,-0.004113679502907068
2021-01-07,0.03358600267825514
2021-01-08,0.010680232252790975
2021-01-11,-0.012819673700442262
2021-01-12,0.0027907993153510925
2021-01-13,0.005736427275947867
2021-01-14,-0.006937223301049836
2021-01-15,-0.012770445936194592
2021-01-19,0.015156062445191531
2021-01-20,0.02125894591627055
2021-01-21,0.0067430216303234584
2021-01-22,-0.0025320680891765444
2021-01-25,0.007335670468337739
2021-01-26,-0.0008026670176173472
2021-01-27,-0.02593281434562872
2021-01-28,0.00044031736518364414
2021-01-29,-0.02236951940030209
2021-02-01,0.02132865984657292
2021-02-02,0.01522533455678018
2021-02-03,0.007491828941106225
2021-02-04,0.004174811411771373
2021-02-05,0.004385986128213752
2021-02-08,0.011810543198950588
2021-02-09,-0.0033398985324521848
2021-02-10,8.68967970254202e-05
2021-02-11,0.00045813545548352793
2021-02-12,0.0015481951180412105
2021-02-16,0.00519327758103161
2021-02-17,0.0002486233399781339
2021-02-18,-0.006403369284821379
2021-02-19,-0.006428569781899239
2021-02-22,-0.01926490513729179
2021-02-23,0.0018013490946418187
2021-02-24,0.016819820234708162
2021-02-25,-0.04082088479754472
2021-02-26,0.0007089023025842023
2021-03-01,0.025452706146853365
2021-03-02,-0.012775024603503882
2021-03-03,-0.014659275120095664
2021-03-04,-0.0035429322929236046
2021-03-05,0.013957496119730552
2021-03-08,-0.02014926443719691
2021-03-09,0.0276765311169035
2021-03-10,0.0021234200253375875
2021-03-11,0.014253833255729898
2021-03-12,-0.003252386352595218
2021-03-15,0.0023726291973125892
2021-03-16,-0.0009635141299899504
2021-03-17,0.005607952387627617
2021-03-18,-0.022634293914324453
2021-03-19,0.003754441954445547
2021-03-22,0.006473619682515373
2021-03-23,-0.0032204317945262297
2021-03-24,-0.009745669964405406
2021-03-25,-0.0015091327082902262
2021-03-26,0.009349898080812505
2021-03-29,0.0020961227031898884
2021-03-30,-0.0032928203993895576
2021-03-31,0.011541155612144593
2021-04-01,0.01703248843853859
2021-04-05,0.019853336520090126
2021-04-06,-0.00512819067143038
2021-04-07,0.009603270813050223
2021-04-08,0.005814191481256291
2021-04-09,0.009568696382650146
2021-04-12,0.005222021986777941
2021-04-13,0.01429785495903524
2021-04-14,-0.0133513884562647
2021-04-15,0.02019376722514886
2021-04-16,-0.0008874633692603427
2021-04-19,-0.01050805436828678
2021-04-20,-0.007318939546227699
2021-04-21,0.009667404894766996
2021-04-22,-0.01939908561860966
2021-04-23,0.016434503654574953
2021-04-26,0.005433232295763805
2021-04-27,-0.003748973908678987
2021-04-28,0.005007118466726402
2021-04-29,0.013698970357893893
2021-04-30,-0.009403335857760188
2021-05-03,-0.002446666037569338
2021-05-04,-0.01259796380034814
2021-05-05,0.004279969373695243
2021-05-06,0.011455845898067933
2021-05-07,0.008771236890408514
2021-05-10,-0.026132341246725765
2021-05-11,-0.01128593603596011
2021-05-12,-0.021847075495831706
2021-05-13,0.004994909546262562
2021-05-14,0.023519450722525388
2021-05-17,0.0008338268416830479
2021-05-18,-0.011671564106711298
2021-05-19,-0.0038491717621056305
2021-05-20,0.013040589178357473
2021-05-21,-0.0004218530569800258
2021-05-24,0.020857164110315917
2021-05-25,-0.0017933280491476706
2021-05-26,0.004556681481627489
2021-05-27,-0.001399375055418108
2021-05-28,0.0017162248263714974
2021-06-01,0.005115901828390986
2021-06-02,0.002726984715459038
2021-06-03,-0.007737711980947993
2021-06-04,0.01818311230276887
2021-06-07,0.001927793433989168
2021-06-08,0.002027885058103953
2021-06-09,-0.0014124970000363333
2021-06-10,0.0062494088639798795
2021-06-11,0.0009807831577131952
2021-06-14,0.009056816617766923
2021-06-15,-0.003170337580975627
2021-06-16,-0.0017695476057829527
2021-06-17,0.00882090097214982
2021-06-18,-0.016766678829994545
2021-06-21,0.014352559500744086
2021-06-22,0.015578922568447782
2021-06-23,0.00719444797350111
2021-06-24,0.007687412359617552
2021-06-25,-0.0024361754464227474
2021-06-28,0.015931657525321115
2021-06-29,-0.0021364384626674344
2021-06-30,0.0009366245420877665
2021-07-01,0.008442590025242003
2021-07-02,0.015576722465547133
2021-07-06,-0.0002526146937985345
2021-07-07,-0.003574493369162839
2021-07-08,-0.01162599132109414
2021-07-09,0.01396303272840186
2021-07-12,0.01324924735963343
2021-07-13,-0.005298386281035473
2021-07-14,-0.007733385909068389
2021-07-15,-0.013171980161613405
2021-07-16,-0.020166201298277644
2021-07-19,-0.016907110078483122
2021-07-20,0.013446099724721968
2021-07-21,0.01617982418749
2021-07-22,0.0051223539997711995
2021-07-23,0.014147949473906678
2021-07-26,0.006272021357277788
2021-07-27,-0.012498947034930466
2021-07-28,0.007088183476625903
2021-07-29,0.0026788969514552814
2021-07-30,-0.015067420864328131
2021-08-02,0.003693276175993312
2021-08-03,0.009337112011815396
2021-08-04,0.00015208211742623556
2021-08-05,0.007813781381839333
2021-08-06,0.00016429772820426505
2021-08-09,-0.001615736261000842
2021-08-10,-0.0013005499966550237
2021-08-11,-0.0030766552241498317
2021-08-12,0.010336730157925782
2021-08-13,0.001865361509876828
2021-08-16,-0.002670370335549174
2021-08-17,-0.01815116383161514
2021-08-18,-0.014043518187319286
2021-08-19,0.0044748864261787815
2021-08-20,0.01962502875119402
2021-08-23,0.026363685733551773
2021-08-24,0.002584532474456527
2021-08-25,0.005522402229461557
2021-08-26,-0.007784621287298797
2021-08-27,0.01752295688927761
2021-08-30,0.009597007406155354
2021-08-31,-0.004458385241037229
2021-09-01,0.0007481650277996317
2021-09-02,0.0004675175489062844
2021-09-03,0.0038400565216009084
2021-09-07,0.005047758050886051
2021-09-08,-0.009210921212038307
2021-09-09,-0.004287095414919117
2021-09-10,-0.013196541085643585
2021-09-13,0.008781212736903354
2021-09-14,-0.003830164965894813
2021-09-15,0.01499647431002445
2021-09-16,-0.003305907094946649
2021-09-17,-0.015622175041420735
2021-09-20,-0.03392862117000389
2021-09-21,0.0027823320497763395
2021-09-22,0.011414922435869009
2021-09-23,0.015193938512798818
2021-09-24,0.005345027140240139
2021-09-27,0.000676929605994017
2021-09-28,-0.028142250400692258
2021-09-29,-0.0017328763343676514
2021-09-30,-0.008140340251369933
2021-10-01,0.014682386427452685
2021-10-04,-0.020133694371200314
2021-10-05,0.015288296598283155
2021-10-06,0.004519707073550043
2021-10-07,0.009478673367706124
2021-10-08,0.001813975294483204
2021-10-11,-0.008262474507430633
2021-10-12,-0.004804456262608963
2021-10-13,0.0023838374642066113
2021-10-14,0.024529112037621172
2021-10-15,0.011522967507577551
2021-10-18,0.011927412637818937
2021-10-19,0.0064128409193365465
2021-10-20,0.001884710260814664
2021-10-21,0.007854272047648539
2021-10-22,-0.007328135590215616
2021-10-25,0.01918990762423563
2021-10-26,0.014158514788497225
2021-10-27,0.004821216567871307
2021-10-28,0.0155136664543935
2021-10-29,0.012346493464266866
2021-11-01,0.007801388818180408
2021-11-02,0.000980330803032546
2021-11-03,0.010944862179724315
2021-11-04,0.027740379068740023
2021-11-05,0.002827390782299542
2021-11-08,0.001970236752354752
2021-11-09,-0.014043742293993876
2021-11-10,-0.016782492639319177
2021-11-11,0.0047873461454463265
2021-11-12,0.006178352166481515
2021-11-15,-0.0032751665120562797
2021-11-16,0.005813037725321769
2021-11-17,-0.0029140912787755345
2021-11-18,0.022743479889535043
2021-11-19,0.005675706792413197
2021-11-22,-0.007903377662831584
2021-11-23,-0.0004014905166183513
2021-11-24,0.009148217190809112
2021-11-26,-0.03666595742044108
2021-11-29,0.02651906508217673
2021-11-30,-0.013763361556301831
2021-12-01,-0.015679934291746796
2021-12-02,0.007054208979973735
2021-12-03,-0.019020285856620668
2021-12-06,0.006812433286490894
2021-12-07,0.02904053033423781
2021-12-08,0.0026005027645104708
2021-12-09,-0.011576940323950584
2021-12-10,0.004953335813231312
2021-12-13,-0.019830351566615008
2021-12-14,-0.004264083905105979
2021-12-15,0.02127869019561133
2021-12-16,-0.020770557479878098
2021-12-17,-0.00837193895093096
2021-12-20,-0.010044693467592562
2021-12-21,0.019591963997046432
2021-12-22,0.012112315772915525
2021-12-23,0.00747760736693263
2021-12-27,0.015497304389887267
2021-12-28,-0.0035457647864281564
2021-12-29,-0.0028493846330623954
2021-12-30,-0.005193502156416023
2021-12-31,-0.006226069235401547
2022-01-03,0.024233557264271035
2022-01-04,-0.007243655764727945
2022-01-05,-0.026164417929151935
2022-01-06,-0.00014287035630298898
2022-01-07,-0.007704609251262865
2022-01-10,0.00360672799862327
2022-01-11,0.012505586858865015
2022-01-12,0.007056356716550628
2022-01-13,-0.024901841158032584
2022-01-14,0.003989944535707115
2022-01-18,-0.018647720267197732
2022-01-19,-0.0096743915043464
2022-01-20,-0.009080731469307294
2022-01-21,-0.021944572616007553
2022-01-24,0.0018224732841260758
2022-01-25,-0.011853993958198639
2022-01-26,0.005626900293646411
2022-01-27,-0.011583012443480215
2022-01-28,0.022053266909719274
2022-01-31,0.026306421388383443
2022-02-01,0.009564104477848754
2022-02-02,0.010049410260001808
2022-02-03,-0.03472664086632438
2022-02-04,0.012339843071170557
2022-02-07,-0.0036307181100678244
2022-02-08,0.004506767223104915
2022-02-09,0.012604520668614023
2022-02-10,-0.01472229782728907
2022-02-11,-0.018574521973720292
2022-02-14,0.0006132659028721656
2022-02-15,0.016758348519506177
2022-02-16,0.0011099831099501574
2022-02-17,-0.023866527186273866
2022-02-18,-0.009090530423142718
2022-02-22,-0.008634121141126324
2022-02-23,-0.016973052729851723
2022-02-24,0.016057185768602364
2022-02-25,0.013130529229111268
2022-02-28,0.0041302302678329515
2022-03-01,-0.009875123179612573
2022-03-02,0.013090793524223883
2022-03-03,-0.008630410404058878
2022-03-04,-0.004365776831196627
2022-03-07,-0.02360371718099718
2022-03-08,-0.0004701238530496926
2022-03-09,0.019215914003582454
2022-03-10,-0.0005060121574786267
2022-03-11,-0.01578900548878118
2022-03-14,-0.015453289053496315
2022-03-15,0.015823038230895373
2022-03-16,0.02245502458397754
2022-03-17,0.010998981391525829
2022-03-18,0.015237820513342212
2022-03-21,0.00613126452846161
2022-03-22,0.011598530706129503
2022-03-23,-0.005505587953598142
2022-03-24,0.01983576421924082
2022-03-25,0.001826056264567137
2022-03-28,0.00797227487587451
2022-03-29,0.006095337511612616
2022-03-30,-0.003880299026642621
2022-03-31,-0.015806449450578002
2022-04-01,0.00039874237847584577
2022-04-04,0.016996754750522154
2022-04-05,-0.016808585440053946
2022-04-06,-0.018155926543849045
2022-04-07,0.0024943027484957045
2022-04-08,-0.007195328767557079
2022-04-11,-0.026891000305271275
2022-04-12,-0.0009711838714751169
2022-04-13,0.012252856175048498
2022-04-14,-0.015354962062660635
2022-04-18,0.0071036002197602845
2022-04-19,0.011860889002892429
2022-04-20,-0.011727909958648856
2022-04-21,-0.01584521205892892
2022-04-22,-0.02096867327451496
2022-04-25,0.003223458273678109
2022-04-26,-0.03133428208424108
2022-04-27,0.00022576873117557668
2022-04-28,0.027763749916161696
2022-04-29,-0.02576486525510075
2022-05-02,0.010977283232549637
2022-05-03,0.003958861182581118
2022-05-04,0.02190458858427086
2022-05-05,-0.02771792808939968
2022-05-06,-0.0007035309785668649
2022-05-09,-0.02868277914437729
2022-05-10,0.005218736389151969
2022-05-11,-0.012261313141259729
2022-05-12,-0.0042346129200464865
2022-05-13,0.019409090916013547
2022-05-16,-0.0031327768648821528
2022-05-17,0.013588288808359793
2022-05-18,-0.02379141670745206
2022-05-19,-0.0007799696706597746
2022-05-20,-0.003144739195068314
2022-05-23,0.01308214831497019
2022-05-24,-0.011200798225402675
2022-05-25,0.009584682348225172
2022-05-26,0.014065615336345405
2022-05-27,0.01741676951808028
2022-05-31,-0.0020665428852931654
2022-06-01,-0.0019440256768105575
2022-06-02,0.01446104667641175
2022-06-03,-0.015306060329184969
2022-06-06,0.0038614620535740267
2022-06-07,0.009704108282188085
2022-06-08,-0.0014015981562018947
2022-06-09,-0.017412751153534016
2022-06-10,-0.02348485552756507
2022-06-13,-0.03031600974219239
2022-06-14,0.0006359679911004883
2022-06-15,0.011498156505509876
2022-06-16,-0.022256279259005786
2022-06-17,-0.00251806424141509
2022-06-21,0.024360577108181833
2022-06-22,-0.0046081030530151935
2022-06-23,0.0012420933374868205
2022-06-24,0.018468185195988442
2022-06-27,-0.00030012340812600837
2022-06-28,-0.011557524043355654
2022-06-29,-0.003663345289143348
2022-06-30,-0.012355065643118798
2022-07-01,0.004328982053344383
2022-07-05,0.005076641141940414
2022-07-06,0.0025039442849435233
2022-07-07,0.01855135064610577
2022-07-08,0.0020680709966012204
2022-07-11,-0.01661992171707703
2022-07-12,-0.007387579841034347
2022-07-13,-0.002854764662998229
2022-07-14,-0.0034495239119269622
2022-07-15,0.018963326265015675
2022-07-18,-0.0018128620081344345
2022-07-19,0.025537420131599188
2022-07-20,0.008422225298338724
2022-07-21,0.008659827993007387
2022-07-22,-0.015567241425617188
2022-07-25,0.0016624260841396356
2022-07-26,-0.015194841087818838
2022-07-27,0.03418571798008971
2022-07-28,0.005975116494370579
2022-07-29,0.019485387227277776
2022-08-01,-0.005329448536429835
2022-08-02,-0.0018970364222470637
2022-08-03,0.010347217208051408
2022-08-04,-0.004017422951219684
2022-08-05,-0.004362938038549064
2022-08-08,-0.005601039243469421
2022-08-09,-0.0028269791764906132
2022-08-10,0.022590411578741545
2022-08-11,-0.0009743186202071894
2022-08-12,0.018929618263417988
2022-08-15,0.0026440296093732467
2022-08-16,-0.0022721237820321084
2022-08-17,-0.00623676379907778
2022-08-18,0.005306468208110382
2022-08-19,-0.017020646982316194
2022-08-22,-0.01873448393902535
2022-08-23,0.006030954824035567
2022-08-24,0.002182685556992235
2022-08-25,0.014962198248164795
2022-08-26,-0.03487937791314261
2022-08-29,-0.0027992771097923143
2022-08-30,-0.013923786674985651
2022-08-31,-0.00571473866965279
2022-09-01,-0.0047529917019435005
2022-09-02,-0.007694667310139858
2022-09-06,-0.004174007210886342
2022-09-07,0.011448304759518463
2022-09-08,0.006533817349821381
2022-09-09,0.017876898962285358
2022-09-12,0.012073431745755099
2022-09-13,-0.04564403531076398
2022-09-14,0.0063161463911962715
2022-09-15,-0.00749398347750845
2022-09-16,-0.004843669454238789
2022-09-19,0.006044884977412989
2022-09-20,-0.00595404821856319
2022-09-21,-0.01472022792835703
2022-09-22,-0.006699366719145098
2022-09-23,-0.019991100127613504
2022-09-26,-0.007514236962747825
2022-09-27,0.004420019001302318
2022-09-28,0.017522467005073896
2022-09-29,-0.02041196625963261
2022-09-30,-0.011171918594674115
2022-10-03,0.016741942740209043
2022-10-04,0.024362274499236062
2022-10-05,0.003832455175781979
2022-10-06,-0.00026533614227539787
2022-10-07,-0.026794328057952694
2022-10-10,-0.008868374627552713
2022-10-11,-0.008811357343388167
2022-10-12,0.0014983909277859891
2022-10-13,0.02140986620540231
2022-10-14,-0.019106761156453118
2022-10-17,0.023920262221755244
2022-10-18,0.00415867599305986
2022-10-19,0.0022422076349952616
2022-10-20,-0.0031960880561987376
2022-10-21,0.017394772510850327
2022-10-24,0.005938857365388957
2022-10-25,0.010472819618265978
2022-10-26,-0.015352974760454738
2022-10-27,-0.012515881547753769
2022-10-28,0.020179487317132237
2022-10-31,-0.00606640004582386
2022-11-01,-0.005201717247223577
2022-11-02,-0.02107871175372949
2022-11-03,-0.0050633490445932735
2022-11-04,0.009996263659309194
2022-11-07,0.006883791502921167
2022-11-08,0.0028549726792052896
2022-11-09,-0.02685492849228583
2022-11-10,0.04260132666110804
2022-11-11,0.009145963360545772
2022-11-14,-0.005047089465389707
2022-11-15,0.004212903405112311
2022-11-16,-0.006402021668232115
2022-11-17,-0.0018798441009023068
2022-11-18,-0.0008805934923178741
2022-11-21,-0.011454462196438803
2022-11-22,0.014655766985964892
2022-11-23,0.009056927404319258
2022-11-25,-0.0029389755156913866
2022-11-28,-0.015177227466525807
2022-11-29,-0.0028622122606409197
2022-11-30,0.03289421972766559
2022-12-01,-0.002405459169735047
2022-12-02,-0.003235339921819136
2022-12-05,-0.015120568414153789
2022-12-06,-0.01521141547973487
2022-12-07,-0.0031367131464885
2022-12-08,0.00978360265744115
2022-12-09,-0.004729026512665054
2022-12-12,0.010720899637042418
2022-12-13,0.007224430212957944
2022-12-14,-0.0066529769660969304
2022-12-15,-0.022575029373780555
2022-12-16,-0.008930180091254741
2022-12-19,-0.007071256037889205
2022-12-20,-0.00020855238588903482
2022-12-21,0.012342035096270042
2022-12-22,-0.023578547382381392
2022-12-23,0.007205013922853957
2022-12-27,-0.011326138317069849
2022-12-28,-0.008466188620836758
2022-12-29,0.017572286009406586
2022-12-30,0.0027371316562321162
2023-01-03,-0.016046337341237633
2023-01-04,-0.0009203127388192002
2023-01-05,-0.008471686487131428
2023-01-06,0.016501521970900702
2023-01-09,0.004302563606658188
2023-01-10,0.008486309714005819
2023-01-11,0.017352886612022757
2023-01-12,0.009322963415399047
2023-01-13,0.006336003216592919
2023-01-17,0.0038400504904712554
2023-01-18,-0.016993019234357105
2023-01-19,-0.001730643979695628
2023-01-20,0.027714930701389365
2023-01-23,0.01653390730671847
2023-01-24,0.0027323088598900378
2023-01-25,-0.003209312197424512
2023-01-26,0.026870504902680604
2023-01-27,0.008020816530727443
2023-01-30,-0.021845261712708054
2023-01-31,0.016655324309052387
2023-02-01,0.011538924594246916
2023-02-02,0.017871473155281033
2023-02-03,-0.006303254409302863
2023-02-06,-0.0019519548531542839
2023-02-07,0.023351103607867896
2023-02-08,-0.009938899657213517
2023-02-09,-0.004468913929513051
2023-02-10,0.0007331050980438639
2023-02-13,0.008760394973891453
2023-02-14,0.00784298164469681
2023-02-15,0.002065541370991836
2023-02-16,-0.018076644520115214
2023-02-17,-0.010660938060330938
2023-02-21,-0.01862722776071367
2023-02-22,-0.0023088696380389436
2023-02-23,0.02109189373961684
2023-02-24,-0.010276727156134006
2023-02-27,0.005882421444623362
2023-02-28,-0.0029393414092935034
2023-03-01,-0.006043366180262349
2023-03-02,0.004402094819091413
2023-03-03,0.021541086199167277
2023-03-06,0.0016416987897639305
2023-03-07,-0.0159258665422057
2023-03-08,6.733322735379957e-05
2023-03-09,-0.020882310268791816
2023-03-10,-0.009101600944818936
2023-03-13,0.001720082707682022
2023-03-14,0.024377394774274676
2023-03-15,-0.008686505453679319
2023-03-16,0.023007073682753332
2023-03-17,-0.006858614670801028
2023-03-20,0.0076902534338553685
2023-03-21,0.02437134272901755
2023-03-22,-0.011015512474349086
2023-03-23,0.005585542369781444
2023-03-24,-0.0006223372259391378
2023-03-27,0.0009438336320306728
2023-03-28,-0.003559096700842572
2023-03-29,0.014092980177377472
2023-03-30,0.007511689875194759
2023-03-31,0.015299032073944995
2023-04-03,0.01551488346778734
2023-04-04,-0.005791331650513615
2023-04-05,-0.0023870284999913845
2023-04-06,0.00597625055331658
2023-04-10,-0.001750764113555977
2023-04-11,-0.0039330812763430315
2023-04-12,-0.008632139977190131
2023-04-13,0.017844536419505997
2023-04-14,0.005565121037478526
2023-04-17,-0.004001420020692544
2023-04-18,0.008091573661513208
2023-04-19,-0.0043529976852396575
2023-04-20,-0.01583246908743446
2023-04-21,0.0010946497217855964
2023-04-24,0.003921855751805415
2023-04-25,-0.02177706999675557
2023-04-26,0.005420567531094514
2023-04-27,0.033421370722661874
2023-04-28,0.00787824348857905
2023-05-01,-0.00036051495246937934
2023-05-02,-0.018421717914500573
2023-05-03,-0.010595866546406681
2023-05-04,-0.008595990724541753
2023-05-05,0.025574701713367537
2023-05-08,0.004806310893885816
2023-05-09,-0.006094036443540815
2023-05-10,0.006809848433871738
2023-05-11,6.595446939133324e-05
2023-05-12,-0.005001040299965328
2023-05-15,0.004195834915425677
2023-05-16,-0.0014489576588389093
2023-05-17,0.022903066026327867
2023-05-18,0.018312065499490326
2023-05-19,-0.0019034487458145844
2023-05-22,0.0018264463202927524
2023-05-23,-0.008556150239223766
2023-05-24,-8.550832583672022e-05
2023-05-25,0.04974777578041813
2023-05-26,0.013672068959572514
2023-05-30,0.005724920016709226
2023-05-31,-0.012933960757414003
2023-06-01,0.018602520287385172
2023-06-02,0.007662495355371287
2023-06-05,-0.0009034316994347371
2023-06-06,-0.0012484828166049158
2023-06-07,-0.011677393923409262
2023-06-08,0.011320184113649285
2023-06-09,0.0035155191686188423
2023-06-12,0.00962377490483103
2023-06-13,0.010946432871213482
2023-06-14,0.0022283094688748417
2023-06-15,0.009675547115016194
2023-06-16,-0.0057529824376935145
2023-06-20,0.006401249441053195
2023-06-21,-0.010076581235565863
2023-06-22,0.008207092151380213
2023-06-23,-0.011241303816764258
2023-06-26,-0.0188941512670068
2023-06-27,0.016802151032436798
2023-06-28,-0.0006737334378374183
2023-06-29,0.0020830850259977176
2023-06-30,0.019743678672314535
2023-07-03,0.004312479506773046
2023-07-05,0.00041777613373435954
2023-07-06,-0.013401832458489853
2023-07-07,-0.001174529031814768
2023-07-10,-0.005218746749149148
2023-07-11,0.007753738525488317
2023-07-12,0.016623685323120915
2023-07-13,0.018827110611767364
2023-07-14,-0.0006304595297940583
2023-07-17,0.013279875850848787
2023-07-18,0.01278622156915413
2023-07-19,-0.0003414248234402156
2023-07-20,-0.024453553727960892
2023-07-21,-0.009196922982100083
2023-07-24,0.009991947508433404
2023-07-25,0.008189493606832772
2023-07-26,-0.00013490150896647567
2023-07-27,-0.0005389641675983867
2023-07-28,0.0177087551096209
2023-07-31,0.005795438281987691
2023-08-01,-0.006139009267653887
2023-08-02,-0.02925557926732959
2023-08-03,0.00531841803528656
2023-08-04,-0.0015437891219519711
2023-08-07,0.009029889006726913
2023-08-08,-0.007750036359569088
2023-08-09,-0.018138445861438604
2023-08-10,0.0017154663807425507
2023-08-11,-0.0059717556743853475
2023-08-14,0.021155476341123348
2023-08-15,-0.014127315402626796
2023-08-16,-0.012807614224166005
2023-08-17,-0.005611684133301612
2023-08-18,0.0002640212408035648
2023-08-21,0.026973010597749734
2023-08-22,-0.008531709232145194
2023-08-23,0.013858086916156748
2023-08-24,-0.012464618556509906
2023-08-25,0.002346255317627985
2023-08-28,0.00923165981392716
2023-08-29,0.02522801516311591
2023-08-30,0.005263769915807757
2023-08-31,-0.0010803788338052196
2023-09-01,-0.00236832894251503
2023-09-05,0.005416224234202611
2023-09-06,-0.013472426548807752
2023-09-07,-0.006490842183227722
2023-09-08,0.0009431074513110274
2023-09-11,0.00918016316948229
2023-09-12,-0.0031264157434915457
2023-09-13,0.006354689983641405
2023-09-14,0.013267571356219554
2023-09-15,-0.02160709316123236
2023-09-18,0.001796191645289102
2023-09-19,-0.0038400560153019152
2023-09-20,-0.018379024242647708
2023-09-21,-0.017480495012238313
2023-09-22,0.0008020449229720287
2023-09-25,0.010297635096863674
2023-09-26,-0.012647434845591029
2023-09-27,0.009693991028679417
2023-09-28,0.009321351295834767
2023-09-29,-0.003711101487318865
2023-10-02,0.013991268652549634
2023-10-03,-0.01807799283486481
2023-10-04,0.006157353227255179
2023-10-05,-9.544534527368755e-05
2023-10-06,0.015440594388017575
2023-10-09,0.007598459203285214
2023-10-10,0.003470314447123867
2023-10-11,0.004783560692779059
2023-10-12,-0.0024412279468038365
2023-10-13,-0.007012164738192957
2023-10-16,0.01071754594686737
2023-10-17,-0.010122488231133603
2023-10-18,-0.018570223959504046
2023-10-19,-0.009469430823671434
2023-10-20,-0.020344233337568213
2023-10-23,0.006703337548417458
2023-10-24,0.0068296097322267735
2023-10-25,-0.026157145057633033
2023-10-26,-0.022936939459357594
2023-10-27,0.0005812600829556286
2023-10-30,0.011414480115048562
2023-10-31,0.000978197732365657
2023-11-01,0.017884372022821116
2023-11-02,0.020507273249068148
2023-11-03,0.007795000986477491
2023-11-06,0.004921163412871748
2023-11-07,0.004456038320628529
2023-11-08,0.002903443820286987
2023-11-09,-0.0037879505676847087
2023-11-10,0.021805417367080533
2023-11-13,0.003141355557881871
2023-11-14,0.01710373948869692
2023-11-15,-0.0038243888609686906
2023-11-16,0.004303547250934463
2023-11-17,0.0018600900787533355
2023-11-20,0.011024431191198147
2023-11-21,-0.00316648961748168
2023-11-22,-0.0027501088751917834
2023-11-24,-0.0060433505110832324
2023-11-27,0.00014194521177629557
2023-11-28,0.0036112503092698423
2023-11-29,-0.009129670714462834
2023-11-30,-0.0065043621055981575
2023-12-01,-0.001918591146021045
2023-12-04,-0.01670223074645025
2023-12-05,0.008959619562994191
2023-12-06,-0.014229106366005145
2023-12-07,0.017336604282335362
2023-12-08,0.011141922330926347
2023-12-11,-0.013300768846986423
2023-12-12,0.00731312911949879
2023-12-13,0.008405170620657192
2023-12-14,0.004497865418035637
2023-12-15,0.006105455923457392
2023-12-18,0.014658070463232229
2023-12-19,0.005438179935674115
2023-12-20,-0.01995953149136022
2023-12-21,0.013737182340727199
2023-12-22,-0.0007851984345877304
2023-12-26,0.004744249994874929
2023-12-27,0.0021427238758903867
2023-12-28,-0.0031685750774192397
2023-12-29,-0.0044100162945374995
2024-01-02,-0.009229115630768942
2024-01-03,-0.006231320650588267
2024-01-04,-0.0038145531074801186
2024-01-05,0.0064927565381319675
2024-01-08,0.028318630951787216
2024-01-09,0.002833470260770229
2024-01-10,0.013038562039999585
2024-01-11,0.0011009559583711314
2024-01-12,-0.0022407332307573524
2024-01-16,0.0005093937425660041
2024-01-17,-0.0061890971089689755
2024-01-18,0.012877235905093582
2024-01-19,0.022029682108781142
2024-01-22,0.0010603815869193707
2024-01-23,0.007130075239804109
2024-01-24,0.01573963340349651
2024-01-25,0.0005136020265367376
2024-01-26,0.00020425481048825446
2024-01-29,0.016732395761193453
2024-01-30,0.0018179559960331555
2024-01-31,-0.031231146764260122
2024-02-01,0.011917694727706176
2024-02-02,0.04039126036050167
2024-02-05,0.005391677733110362
2024-02-06,-0.0013785391844985783
2024-02-07,0.015202275171715261
2024-02-08,0.0005420930595895055
2024-02-09,0.012029296312821996
2024-02-12,-0.0018092666539769387
2024-02-13,-0.010933910198083416
2024-02-14,0.012749429471513843
2024-02-15,0.0030723584407142805
2024-02-16,-0.005554431595572066
2024-02-20,-0.01753911155960007
2024-02-21,-0.003169172546391986
2024-02-22,0.05946354382045291
2024-02-23,-0.0014990151320664572
2024-02-26,-0.0020142991673233494
2024-02-27,-0.001140323009436381
2024-02-28,-0.00583021635884015
2024-02-29,0.008414405695888229
2024-03-01,0.012432587048289336
2024-03-04,0.0005234216831800833
2024-03-05,-0.00448432385786703
2024-03-06,0.009846073320224497
2024-03-07,0.021443240058229427
2024-03-08,-0.01651951468515202
2024-03-11,-0.005690410057821798
2024-03-12,0.025899625565157226
2024-03-13,-0.00300640928851393
2024-03-14,-0.004972792804169787
2024-03-15,-0.00436054720094282
2024-03-18,0.011211214823399117
2024-03-19,0.006357454392114208
2024-03-20,0.009683667159200096
2024-03-21,0.0025144739633888935
2024-03-22,0.01079998207303743
2024-03-25,-1.957753655596081e-05
2024-03-26,-0.009779787798393523
2024-03-27,-0.0032766723041756088
2024-03-28,-0.00030382790449031387
2024-04-01,0.003949201081545222
2024-04-02,-0.007943517797161303
2024-04-03,0.0011715189674662938
2024-04-04,-0.016838725500605035
2024-04-05,0.018951612111811476
2024-04-08,-0.0031441792232359948
2024-04-09,-0.003693789993100738
2024-04-10,0.0037801514361325153
2024-04-11,0.021824517386645072
2024-04-12,-0.023168002105770014
2024-04-15,-0.017399993990334373
2024-04-16,0.0038519174969486192
2024-04-17,-0.013705770811220116
2024-04-18,0.002562431768704715
2024-04-19,-0.03560041138391282
2024-04-22,0.012851587493924697
2024-04-23,0.01571137690815003
2024-04-24,-0.0047898128598228935
2024-04-25,-7.880522226031708e-06
2024-04-26,0.023744881392281866
2024-04-29,0.0019084610185538602
2024-04-30,-0.01571782657049245
2024-05-01,-0.009714063323701016
2024-05-02,0.014997622311893492
2024-05-03,0.015862952771745428
2024-05-06,0.016039960723268885
2024-05-07,-0.004469417196947683
2024-05-08,0.0005944818570182787
2024-05-09,8.639909522030944e-05
2024-05-10,0.0027344372473012543
2024-05-13,0.0017358470192827726
2024-05-14,0.00923095592681918
2024-05-15,0.017868899841876194
2024-05-16,-0.002594888869547763
2024-05-17,-0.0015174732974562561
2024-05-20,0.002877952976647818
2024-05-21,0.007125591699676273
2024-05-22,-0.007661769587762221
2024-05-23,0.02376274054246923
2024-05-24,0.015398418024533705
2024-05-28,0.0274723672227116
2024-05-29,-0.00261147797617538
2024-05-30,-0.01889907715068698
2024-05-31,0.0035044244361056103
2024-06-03,0.016062611601866648
2024-06-04,0.003244682411119013
2024-06-05,0.024732528956315402
2024-06-06,-0.00209051463396842
2024-06-07,-0.0026958387242236085
2024-06-10,0.005002924303809582
2024-06-11,0.0009988640353610007
2024-06-12,0.016660963483222005
2024-06-13,0.012814574724659685
2024-06-14,0.00578326796913199
2024-06-17,0.0008191845182837178
2024-06-18,0.01195740088450185
2024-06-20,-0.012391076313487358
2024-06-21,-0.014554813176522966
2024-06-24,-0.022561145541337098
2024-06-25,0.02969784743362532
2024-06-26,0.005056181128982388
2024-06-27,-0.0023203555061996222
2024-06-28,-0.004045789001105656
2024-07-01,0.008297344750527166
2024-07-02,0.0032319451769628423
2024-07-03,0.01964622724286828
2024-07-05,0.0006482740415510451
2024-07-08,0.00408601869517808
2024-07-09,0.010248116010380864
2024-07-10,0.017868490221244687
2024-07-11,-0.034831254358927866
2024-07-12,0.004176002336464217
2024-07-15,0.0032481665049680472
2024-07-16,-0.0020083124561108023
2024-07-17,-0.02801631617245551
2024-07-18,0.003925729191882151
2024-07-19,-0.012657532863342423
2024-07-22,0.018788716797559328
2024-07-23,-0.003560688113031591
2024-07-24,-0.03690567742498089
2024-07-25,-0.006259262103581445
2024-07-26,0.006268632182526577
2024-07-29,-0.0022656052555631765
2024-07-30,-0.017089376193092504
2024-07-31,0.035865717302540595
2024-08-01,-0.018422675069553585
2024-08-02,-0.01065332253748499
2024-08-05,-0.02661898037372219
2024-08-06,0.009444970432165974
2024-08-07,-0.009770877822314923
2024-08-08,0.01943734074330323
2024-08-09,0.002455760425339315
2024-08-12,0.008339773171398267
2024-08-13,0.019024040383659232
2024-08-14,0.0036985650385670033
2024-08-15,0.014769765084409902
2024-08-16,0.00284105054020905
2024-08-19,0.013644216742577148
2024-08-20,-0.007757815365287298
2024-08-21,0.0025115768162934224
2024-08-22,-0.013197431629260905
2024-08-23,0.01606239165462772
2024-08-26,-0.005561917269663748
2024-08-27,0.0019683131343633834
2024-08-28,-0.009027825034796145
2024-08-29,-0.01522475712417131
2024-08-30,0.007931617349695757
2024-09-03,-0.03591103008981436
2024-09-04,-0.0045743039504891276
2024-09-05,0.0032004299715211546
2024-09-06,-0.019601165018982448
2024-09-09,0.012144507878629907
2024-09-10,0.0006182605783451638
2024-09-11,0.022799595997286877
2024-09-12,0.008994991918691627
2024-09-13,0.0009324215266677806
2024-09-16,-0.003945112749766257
2024-09-17,-0.00018483881901553865
2024-09-18,-0.004574229170469383
2024-09-19,0.022280024325030096
2024-09-20,-0.005102696355071569
2024-09-23,0.003340857578180208
2024-09-24,0.011322970675879418
2024-09-25,0.004667556469612279
2024-09-26,-0.0008359848089057377
2024-09-27,-0.002897098607778007
2024-09-30,0.005044569670377633
2024-10-01,-0.014437630542331019
2024-10-02,0.005008287679141506
2024-10-03,0.010990219649027072
2024-10-04,0.015775838802420443
2024-10-07,-0.0011210884407491213
2024-10-08,0.016160206900494866
2024-10-09,0.0015430480397266722
2024-10-10,0.00670671983739021
2024-10-11,0.002014805049050638
2024-10-14,0.013743281868394257
2024-10-15,-0.029026102055503607
2024-10-16,0.011108115681861278
2024-10-17,0.0020273178953580636
2024-10-18,0.004878892382934
2024-10-21,0.01632595997117448
2024-10-22,0.0032263081063989415
2024-10-23,-0.020410833794737078
2024-10-24,0.009524292411020917
2024-10-25,0.0068746359029842954
2024-10-28,-0.001664523091161457
2024-10-29,0.003804906037555228
2024-10-30,-0.004677444020163942
2024-10-31,-0.03554248674995003
2024-11-01,0.007879782355661702
2024-11-04,-0.00025797002064301003
2024-11-05,0.017234649914452026
2024-11-06,0.03870851344498665
2024-11-07,0.011372905369084139
2024-11-08,-0.0006573360208856571
2024-11-11,-0.0023345353681849352
2024-11-12,0.004908150395903666
2024-11-13,-0.0038551894819141364
2024-11-14,-0.003239253367135433
2024-11-15,-0.01925664665854869
2024-11-18,0.00024955343915441483
2024-11-19,0.017574857541365133
2024-11-20,-0.0008733888802936395
2024-11-21,-0.000809347115929938
2024-11-22,-0.010948155597590185
2024-11-25,-0.01324458283855022
2024-11-26,0.005499018104284813
2024-11-27,-0.007095700738661854
2024-11-29,0.012177633444241378
2024-12-02,0.007533749314772911
2024-12-03,0.0070465710735183075
2024-12-04,0.015185089912138777
2024-12-05,-0.0007126798524536301
2024-12-06,-0.003879554617454016
2024-12-09,-0.010792850636216014
2024-12-10,-0.004573738234919866
2024-12-11,0.021233415063200506
2024-12-12,-0.010989808223800617
2024-12-13,-0.01026740348359677
2024-12-16,-0.0009630162384660721
2024-12-17,-0.005017072586697127
2024-12-18,-0.028401821693817404
2024-12-19,0.0039014943992561517
2024-12-20,0.013644078981829824
2024-12-23,0.020034441463389695
2024-12-24,0.011117106240806343
2024-12-26,-0.002230859017770452
2024-12-27,-0.0166584630788862
2024-12-30,-0.006437215594816166
2024-12-31,-0.012102299521142126
2025-01-02,0.006840935679670271
2025-01-03,0.02803721842674201
2025-01-06,0.018723838268837695
2025-01-07,-0.02684113516486298
2025-01-08,-0.0014396642558192692
2025-01-10,-0.01376289666278552
2025-01-13,-0.0018190622111680095
2025-01-14,-0.005543529390775758
2025-01-15,0.026791967865584652
2025-01-16,-0.014189949071237514
2025-01-17,0.015484007741033295
2025-01-21,0.00806748982577325
2025-01-22,0.01460174740416806
2025-01-23,0.00342216251356977
2025-01-24,-0.010779704758094123
2025-01-27,-0.05387973249113213
2025-01-28,0.020829244974671684
2025-01-29,-0.008783286006190811
2025-01-30,0.002523533823437287
2025-01-31,-0.007914693991667941
2025-02-03,-0.00903984190650083
2025-02-04,0.009774401166108905
2025-02-05,0.004833573895909628
2025-02-06,0.007854233521351978
2025-02-07,-0.004054358534880747
2025-02-10,0.008628035369069134
2025-02-11,-0.0016758351186594012
2025-02-12,-0.0055727956818937205
2025-02-13,0.014982325309891919
2025-02-14,0.007643654622493405
2025-02-18,-0.0014199232302572241
2025-02-19,0.0012010757927970435
2025-02-20,-0.0028447852396346843
2025-02-21,-0.02691984263749127
2025-02-24,-0.013455902957952072
2025-02-25,-0.016296372543346316
2025-02-26,0.008265418366476828
2025-02-27,-0.031069515508948476
2025-02-28,0.017075164438139084
2025-03-03,-0.031109274305702365
2025-03-04,-0.00032781621152537716
2025-03-05,0.006101965757650676
2025-03-06,-0.017402050138732233
2025-03-07,0.004674344255610658
2025-03-10,-0.0259514003163671
2025-03-11,0.0012979260798132795
2025-03-12,0.016530544606374774
2025-03-13,-0.008358120330530523
2025-03-14,0.02204733317526691
2025-03-17,-0.003396106889702632
2025-03-18,-0.012644008476247985
2025-03-19,0.009637242038397437
2025-03-20,0.0023451362092703
2025-03-21,0.003398591964400401
2025-03-24,0.01812430459554413
2025-03-25,0.0035190808697692527
2025-03-26,-0.01947753436987174
2025-03-27,-0.006826254675721774
2025-03-28,-0.015611259815099414
2025-03-31,-0.0009072436436491358
2025-04-01,0.007968831795190905
2025-04-02,0.0032178471373264057
2025-04-03,-0.048393622923845636
2025-04-04,-0.03478569271625423
2025-04-07,0.004991948867948051
2025-04-08,-0.005600916292058436
2025-04-09,0.0647837207841711
2025-04-10,-0.0140813304627552
2025-04-11,0.007624655971133799
2025-04-14,-0.000882980359778486
2025-04-15,-0.00013631923913245272
2025-04-16,-0.012865195393589605
2025-04-17,-0.008404465567468
2025-04-21,-0.012175198503975007
2025-04-22,0.009418471299980448
2025-04-23,0.010084828988432467
2025-04-24,0.009991951559386767
2025-04-25,0.00924435094485688
2025-04-28,-0.0030068958551486536
2025-04-29,0.0009235879655152127
2025-04-30,-0.00294974821426567
2025-05-01,0.009654594804672286
2025-05-02,0.008225278865196925
2025-05-05,-0.004204308305482847
2025-05-06,-0.0030150971815091593
2025-05-07,0.0036411978609327037
2025-05-08,0.004921961252670933
2025-05-09,-9.668509205367272e-05
2025-05-12,0.029217559853241457
2025-05-13,0.011366775464600692
2025-05-14,0.011574135148216138
2025-05-15,-0.004734736760682632
2025-05-16,0.0030260093618142926
2025-05-19,-0.0002332438875144251
2025-05-20,-0.004323665479960984
2025-05-21,-0.01035419649421631
2025-05-22,0.0029154570188846336
2025-05-23,-0.007452964394655494
2025-05-27,0.01983897627020532
2025-05-28,-0.003965532381904538
2025-05-29,0.010408754800794092
2025-05-30,-0.009657379604479169
2025-06-02,0.007881110940840385
2025-06-03,0.008499152559103074
2025-06-04,0.0014934693605836164
2025-06-05,-0.012325062881021781
2025-06-06,0.015431241893490388
2025-06-09,0.005676163823339169
2025-06-10,0.010233344345997897
2025-06-11,-0.0032957645748122794
2025-06-12,0.00611575459564727
2025-06-13,-0.009548231772393593
2025-06-16,0.014934025215287706
2025-06-17,-0.004050985631127759
2025-06-18,0.0037283741508224843
2025-06-20,-0.007660579766042853
2025-06-23,0.00570220635806668
2025-06-24,0.011441950569017695
2025-06-25,0.018963171716765446
2025-06-26,0.01042093490348249
2025-06-27,0.011108603905176293
2025-06-30,-0.0004858024952649268
2025-07-01,-0.015448787659642393
2025-07-02,0.015225965885136765
2025-07-03,0.012313796117368138
2025-07-07,-0.011568226505746715
2025-07-08,0.004282892654610271
2025-07-09,0.011949668702611015
2025-07-10,0.00766522660210187
2025-07-11,0.0038953690184268474
2025-07-14,-0.002982225917844042
2025-07-15,0.015500087075497795
2025-07-16,0.0016512702366957449
2025-07-17,0.006143726436883859
2025-07-18,-0.0030716659070294
2025-07-21,0.0017161328569229356
2025-07-22,-0.013675568294524315
2025-07-23,0.017543622963601867
2025-07-24,0.006621781204488152
2025-07-25,0.00217768417772514
2025-07-28,0.013728508893769127
2025-07-29,-0.00844167849880493
2025-07-30,0.010611350815815344
2025-07-31,0.004404013119787578
2025-08-01,-0.03417699704840005
2025-08-04,0.024400352173023228
2025-08-05,-0.0067354335684277665
2025-08-06,0.008628019124535613
2025-08-07,0.0019578674156934097
2025-08-08,0.01348103760365382
2025-08-11,-0.002320566200124712
2025-08-12,0.01140947876228353
2025-08-13,-0.004086783866148886
2025-08-14,0.0037660533252139145
2025-08-15,-0.0024817226382844604
2025-08-18,0.0029478084486958835
2025-08-19,-0.02488571448230814
2025-08-20,-0.004490169094684743
2025-08-21,-0.0026435635566145832
2025-08-22,0.023454608299797307
2025-08-25,0.005287448432159437
2025-08-26,0.006234491852472296
2025-08-27,0.0015965651924402728
2025-08-28,0.00046303933805077655
2025-08-29,-0.01926669472158794
2025-09-02,-0.01295892856055433
2025-09-03,0.008021573678499464
2025-09-04,0.010863217713440601
2025-09-05,-0.018012347494673703
2025-09-08,0.003916124470458273
2025-09-09,0.015752371827783555
2025-09-10,0.014577607192628727
2025-09-11,0.005635142496944165
2025-09-12,0.008854375577433094
2025-09-15,0.010345592864206917
2025-09-16,-0.0028100197073977146
2025-09-17,-0.01159036695484277
2025-09-18,0.014282506344562799
2025-09-19,0.006687461067923617
2025-09-22,0.018070971078745095
2025-09-23,-0.016458254906875986
2025-09-24,-0.001800209227935259
2025-09-25,-0.0022321230578832758
2025-09-26,0.006511796371967745
2025-09-29,0.007018641269148028
2025-09-30,0.010195764280761486
2025-10-01,0.0012591211353605459
2025-10-02,0.0018214781182262691
2025-10-03,-0.0035154480202965683
2025-10-06,0.003761275751752129
2025-10-07,-0.00795422314866553
2025-10-08,0.0142317113524163
2025-10-09,0.008625543815993713
2025-10-10,-0.05169127623362858
2025-10-13,0.0217820346643062
2025-10-14,-0.019026584603232966
2025-10-15,0.0032452308003167044
2025-10-16,-0.0007162687676358136
2025-10-17,0.00715755304869282
2025-10-20,0.0076944842946702705
2025-10-21,-0.005626301406294845
2025-10-22,-0.0027059045360439873
2025-10-23,0.00804913221408006
2025-10-24,0.013625692120528646
2025-10-27,0.02384882066814897
2025-10-28,0.021892039195562818
2025-10-29,0.014237118614633205
2025-10-30,-0.02002095617974478
2025-10-31,0.0011937694985411605
2025-11-03,0.009103549766253582
2025-11-04,-0.022088788132885357
2025-11-05,-0.0026647274503119643
2025-11-06,-0.018681412509250737
2025-11-07,-0.0007074000007206864
2025-11-10,0.03027122438548906
2025-11-11,-0.007827508504985758
2025-11-12,-0.0025071830124370016
2025-11-13,-0.02153553890578947
2025-11-14,0.0046036151104838115
2025-11-17,-0.007546638920422091
2025-11-18,-0.013815289579306934
2025-11-19,0.01028974525947547
2025-11-20,-0.016193073717880868
2025-11-21,0.001081246290547368
2025-11-24,0.01821446453232052
2025-11-25,-0.0034434435110485694
2025-11-26,0.006701358120858898
2025-11-28,-0.0007160732057103847
2025-12-01,0.0029496971168075582
2025-12-02,0.004120744708106511
2025-12-03,0.00040606116297659174
2025-12-04,0.010169510639086065
2025-12-05,-0.0006499152243525895
2025-12-08,0.0015187533004861076
2025-12-09,-0.0025133960658304828
2025-12-10,0.0018886894262571952
2025-12-11,-0.007307822954487828
2025-12-12,-0.017487324791704145
2025-12-15,0.0023805086006254863
2025-12-16,0.0015245799023851198
2025-12-17,-0.025032539158416103
2025-12-18,0.014414955245202348
2025-12-19,0.01913369039669212
2025-12-22,0.01031282652298105
2025-12-23,0.017329392646653872
2025-12-24,0.00031206099400311595
2025-12-26,0.002283770462175836
2025-12-29,-0.008118336839980604
2025-12-30,-0.0007166758521880824
2025-12-31,-0.006628645466857264
2026-01-02,0.0050162001249775354
2026-01-05,0.007838615479209627
2026-01-06,-0.007218769223231166
2026-01-07,0.0008791881385189279
2026-01-08,-0.003442555394010383
2026-01-09,0.004987389847008314
2026-01-12,-0.0022184570342740277
2026-01-13,-0.001977521973812747
2026-01-14,-0.012047655122687125
2026-01-15,0.009742223339907295
2026-01-16,-0.0028419902048543023
2026-01-20,-0.04059686685823069
2026-01-21,0.019179972433976403
2026-01-22,0.012620807584074268
2026-01-23,0.009033948966338651
2026-01-26,0.001475951931680333
2026-01-27,0.0031633597253778044
2026-01-28,0.008448198692740163
2026-01-29,0.006542913625549582
2026-01-30,-0.004757198717623339
2026-02-02,-0.0139398146136041
2026-02-03,-0.012227815002385786
2026-02-04,-0.017796492090616695
2026-02-05,-0.016411672917573557
2026-02-06,0.03525013932001213
2026-02-09,0.01323473352639427
2026-02-10,-0.005493926890931394
2026-02-11,0.0013196492600944492
2026-02-12,-0.018910717413402785
2026-02-13,-0.011767466608177539
2026-02-17,0.0028839282243573023
2026-02-18,0.011967512271797938
2026-02-19,-0.0007351560894624018
2026-02-20,0.008417304667489857
2026-02-23,-0.0040877264849582115
2026-02-24,0.004512030895006234
2026-02-25,0.014435569134514626
2026-02-26,-0.026674844117122197
2026-02-27,-0.016258191314558065
2026-03-02,0.011051102700741692
2026-03-03,-0.008009378209318402
2026-03-04,0.008527649441960978
2026-03-05,-0.0012388964911661676
2026-03-06,-0.018358445313893065
2026-03-09,0.013540867007342873
2026-03-10,0.002868867073885816
2026-03-11,0.0068227409769225185
2026-03-12,-0.013941627877949184
2026-03-13,-0.009605721553270875
2026-03-16,0.013917607041220519
2026-03-17,0.0014983678910987421
2026-03-18,-0.01051274506412497
2026-03-19,-0.007691899806115693
2026-03-20,-0.02065218741027362
2026-03-23,0.013198305134057073
2026-03-24,-0.0032508414799438884
2026-03-25,0.008413343020817282
2026-03-26,-0.029074183094100762
2026-03-27,-0.015205517668340584
2026-03-30,-0.003852088247219621
2026-03-31,0.03655366687055772
2026-04-01,0.0015063464153727394
2026-04-02,0.0004918322916695094
2026-04-06,0.004487055982009849
2026-04-07,0.003981062270496027
2026-04-08,0.01381056124968568
2026-04-09,0.007629422251168235
2026-04-10,0.007795651066315769
2026-04-13,0.006986758260313914
2026-04-14,0.022298618271447364
2026-04-15,0.011818943019083438
2026-04-16,0.002877626158567276
2026-04-17,0.00913399265387448
2026-04-20,-0.0010702130708537666
2026-04-21,-0.006054598401363708
2026-04-22,0.014068939981278426
2026-04-23,-0.01110601567145739
2026-04-24,0.02233989802792907
2026-04-27,0.01802273216096787
2026-04-28,-0.004089043669766437
2026-04-29,-0.005442264591002792
2026-04-30,-0.014417855544377035
2026-05-01,0.00035337785715056406
2026-05-04,-0.0008034570628811462
2026-05-05,-0.0010550857475089637
2026-05-06,0.028325763697098376
2026-05-07,0.005674994823567601
2026-05-08,0.008369669802972747
2026-05-11,0.008461758066006051
2026-05-12,0.0037468116418441647
2026-05-13,0.019730330333480383
2026-05-14,0.019953748937836708
2026-05-15,-0.01839883278137005
2026-05-18,-0.0048188117902297324
2026-05-19,-0.008440773720812067
2026-05-20,0.0057463622101437805
2026-05-21,-0.007544673083512606
2026-05-22,-0.007350382584695684
2026-05-26,-0.003696243119671642
2026-05-27,-0.0032835084778020263
2026-05-28,0.005415454440485296
2026-05-29,-0.009879227795948058
2026-06-01,0.023869605166686153
2026-06-02,-0.007521270207435887
2026-06-03,-0.017081564266420667
2026-06-04,0.01724518541895377
2026-06-05,-0.038859042127243504
2026-06-08,0.005232148076782926
2026-06-09,-0.005669744365400516
2026-06-10,-0.01933933789923794
2026-06-11,0.007746117585720184
2026-06-12,0.0023818684136939477
2026-06-15,0.01725402901416954
2026-06-16,-0.004998998432939593
2026-06-17,-0.015491319811728922
2026-06-18,0.010819689548316518
2026-06-22,-0.010357906946962116
2026-06-23,-0.01693361957354005
2026-06-24,-0.006600022978825773
2026-06-25,-0.012280351079751013
2026-06-26,-0.002897625515383313
2026-06-29,0.013390055161480126
2026-06-30,0.013380990442595758
2026-07-01,0.0063755446378048865
2026-07-02,-0.007552527161298726
2026-07-06,0.008635658866987994
2026-07-07,0.00821677457645479
2026-07-08,0.007697901946579482
2026-07-09,0.0006215578634850221
2026-07-10,0.021878300197910733
2026-07-13,-0.013299499437769752
2026-07-14,0.02038653917466061
2026-07-15,0.011270451048266787
2026-07-16,-0.01484898284668412
2026-07-17,-0.01408064398661311
2026-07-20,0.0011465693644914048
2026-07-21,0.011735665769951558
2026-07-22,0.0063893403445194
