date,standardized_residuals
2021-01-04,-0.109852264439625
2021-01-05,0.72887217213301
2021-01-06,-0.4256110602736624
2021-01-07,2.4149909362839916
2021-01-08,0.7047141091142032
2021-01-11,-1.0697670974272089
2021-01-12,0.10846201667603907
2021-01-13,0.32676789152051205
2021-01-14,-0.6327097040574542
2021-01-15,-1.0748968615003172
2021-01-19,1.0327065862300346
2021-01-20,1.4937273359830412
2021-01-21,0.4038950748467976
2021-01-22,-0.2989770599073354
2021-01-25,0.441782835157571
2021-01-26,-0.1751830474286621
2021-01-27,-2.0746145328525807
2021-01-28,-0.07225452047802987
2021-01-29,-1.7967629130525944
2021-02-01,1.5079227881465362
2021-02-02,1.0521801876860422
2021-02-03,0.46921952603226375
2021-02-04,0.21603874634101478
2021-02-05,0.22826130623490246
2021-02-08,0.7845870817376803
2021-02-09,-0.3595297724740501
2021-02-10,-0.10443720108465745
2021-02-11,-0.08037077949311267
2021-02-12,-0.002102865882471606
2021-02-16,0.2688760207539185
2021-02-17,-0.1076799184391961
2021-02-18,-0.6132898834496896
2021-02-19,-0.6170598089534657
2021-02-22,-1.5871042167833287
2021-02-23,0.0102446370941023
2021-02-24,1.1391881948463185
2021-02-25,-3.2061157750593585
2021-02-26,-0.04334818709851454
2021-03-01,1.8192324906475767
2021-03-02,-1.056445022245194
2021-03-03,-1.1982484676601408
2021-03-04,-0.35832488782306576
2021-03-05,0.9584613298760467
2021-03-08,-1.6145820891831848
2021-03-09,1.9982129453211235
2021-03-10,0.07929379969166472
2021-03-11,0.9907637241666531
2021-03-12,-0.3300353142842574
2021-03-15,0.09100564892010103
2021-03-16,-0.1643352068035795
2021-03-17,0.3276681342565277
2021-03-18,-1.8060922818631255
2021-03-19,0.19198413734787823
2021-03-22,0.3934513578244335
2021-03-23,-0.3410070254473725
2021-03-24,-0.8366226143239606
2021-03-25,-0.21637382382606682
2021-03-26,0.5989950062125108
2021-03-29,0.04944325242361516
2021-03-30,-0.3610194492338072
2021-03-31,0.7545442562389277
2021-04-01,1.167450072170646
2021-04-05,1.3824311682132675
2021-04-06,-0.497662953881724
2021-04-07,0.6106960909933202
2021-04-08,0.3226335750323288
2021-04-09,0.602356574258147
2021-04-12,0.272282822996115
2021-04-13,0.9533007869271335
2021-04-14,-1.131748284577991
2021-04-15,1.4008274439463493
2021-04-16,-0.1843478121870492
2021-04-19,-0.9138517666583715
2021-04-20,-0.6732345329553441
2021-04-21,0.6063311276947724
2021-04-22,-1.5882863768287723
2021-04-23,1.122138552607756
2021-04-26,0.2940761819055146
2021-04-27,-0.40211478934741596
2021-04-28,0.2551926934805481
2021-04-29,0.9072108697402228
2021-04-30,-0.8352241146435875
2021-05-03,-0.3108893725840315
2021-05-04,-1.080013832869505
2021-05-05,0.19509386886178057
2021-05-06,0.7326909610124624
2021-05-07,0.5291801051785422
2021-05-10,-2.1059365413250384
2021-05-11,-0.9703138791908131
2021-05-12,-1.7664947629680305
2021-05-13,0.26728310179319187
2021-05-14,1.6609512511427253
2021-05-17,-0.04298513696566469
2021-05-18,-0.9902370782659036
2021-05-19,-0.3998893377977712
2021-05-20,0.8708683635379584
2021-05-21,-0.14516985024491838
2021-05-24,1.456037661557759
2021-05-25,-0.24726468357773201
2021-05-26,0.22802061669927426
2021-05-27,-0.22498495666704785
2021-05-28,0.006309255336368199
2021-06-01,0.25880908185955076
2021-06-02,0.07506608141510517
2021-06-03,-0.7181076983389026
2021-06-04,1.236120358222215
2021-06-07,0.014012186857927955
2021-06-08,0.017734473324348604
2021-06-09,-0.24552827665745408
2021-06-10,0.329093862565021
2021-06-11,-0.07127227200999108
2021-06-14,0.534458565593705
2021-06-15,-0.38951990659676167
2021-06-16,-0.2862444526274275
2021-06-17,0.5098984217348038
2021-06-18,-1.4216901294611446
2021-06-21,0.9340144281673606
2021-06-22,1.0281443843786084
2021-06-23,0.3982026365464243
2021-06-24,0.4328036977245082
2021-06-25,-0.33314464807594435
2021-06-28,1.0496860851563348
2021-06-29,-0.3100994449864448
2021-06-30,-0.08107362154543304
2021-07-01,0.48190020223666946
2021-07-02,1.0183454522976183
2021-07-06,-0.17257757584377606
2021-07-07,-0.42614151808646755
2021-07-08,-1.0353910071372514
2021-07-09,0.898250872731849
2021-07-12,0.8460934803578741
2021-07-13,-0.5519168458533004
2021-07-14,-0.7369821493042876
2021-07-15,-1.1471366637665843
2021-07-16,-1.6703415583679198
2021-07-19,-1.4133713070079588
2021-07-20,0.8826157679678468
2021-07-21,1.0890396141640115
2021-07-22,0.2571405134762258
2021-07-23,0.9344368736987771
2021-07-26,0.34108291281477005
2021-07-27,-1.0780178163773233
2021-07-28,0.40174283776077246
2021-07-29,0.06622079115946809
2021-07-30,-1.276115874252147
2021-08-02,0.14384975535895858
2021-08-03,0.5659203086161384
2021-08-04,-0.12881385385846666
2021-08-05,0.44558049049181464
2021-08-06,-0.13380611821872238
2021-08-09,-0.27142041538498973
2021-08-10,-0.2505345003520498
2021-08-11,-0.38734370469557633
2021-08-12,0.6222675612657337
2021-08-13,-0.01735085824572447
2021-08-16,-0.3624573666555042
2021-08-17,-1.532180039026115
2021-08-18,-1.211659709049899
2021-08-19,0.19027652292592345
2021-08-20,1.329867521628562
2021-08-23,1.8446116377109247
2021-08-24,0.06404254444143648
2021-08-25,0.28183359886956016
2021-08-26,-0.7252540058078625
2021-08-27,1.1829168778368688
2021-08-30,0.5887303598591176
2021-08-31,-0.47334944067858836
2021-09-01,-0.0830838355110886
2021-09-02,-0.1078643430324464
2021-09-03,0.14304872717943573
2021-09-07,0.23083146693359816
2021-09-08,-0.8477104699328363
2021-09-09,-0.47525567312257666
2021-09-10,-1.1491810042331085
2021-09-13,0.5130384872109583
2021-09-14,-0.44002446491665176
2021-09-15,0.9779816801279266
2021-09-16,-0.40018657058073553
2021-09-17,-1.3315322968628176
2021-09-20,-2.7056918407267303
2021-09-21,0.09066555186619914
2021-09-22,0.737899582573882
2021-09-23,1.0217136106671638
2021-09-24,0.27994877183980776
2021-09-27,-0.07571084978404233
2021-09-28,-2.2534390294731925
2021-09-29,-0.24407664073771626
2021-09-30,-0.7311042828353249
2021-10-01,0.9889904056721676
2021-10-04,-1.6366205413774313
2021-10-05,1.042700964818471
2021-10-06,0.2311748771364362
2021-10-07,0.6014961988778466
2021-10-08,0.021038404685106663
2021-10-11,-0.7430211687802909
2021-10-12,-0.4834767817906503
2021-10-13,0.05594729219008167
2021-10-14,1.722468353338759
2021-10-15,0.7508691062765128
2021-10-18,0.7800967869637166
2021-10-19,0.3630888281386969
2021-10-20,0.018223463349693943
2021-10-21,0.46458153276824093
2021-10-22,-0.6833989913588951
2021-10-25,1.3154901494931959
2021-10-26,0.9406901231781103
2021-10-27,0.23690727635755962
2021-10-28,1.0398424494001068
2021-10-29,0.8025610994926256
2021-11-01,0.45914989285812685
2021-11-02,-0.05811965777281152
2021-11-03,0.6897160166072243
2021-11-04,1.955458956364528
2021-11-05,0.0900913040169267
2021-11-08,0.021536022119294434
2021-11-09,-1.19030728695632
2021-11-10,-1.3936678366892723
2021-11-11,0.2386879517209942
2021-11-12,0.33995434436950145
2021-11-15,-0.376442315638521
2021-11-16,0.3059786957531102
2021-11-17,-0.3556171945236968
2021-11-18,1.5767170519829583
2021-11-19,0.2979332143192692
2021-11-22,-0.7297247814984258
2021-11-23,-0.16480123615367467
2021-11-24,0.55192377425335
2021-11-26,-2.905875852375991
2021-11-29,1.889203621623262
2021-11-30,-1.139564664301461
2021-12-01,-1.2828868564833757
2021-12-02,0.43441738565848687
2021-12-03,-1.535518322489478
2021-12-06,0.41797421892151515
2021-12-07,2.0915043194519867
2021-12-08,0.10780192974486578
2021-12-09,-0.965303673445997
2021-12-10,0.28125708091410806
2021-12-13,-1.5916961146439983
2021-12-14,-0.41240561565957196
2021-12-15,1.511185430464803
2021-12-16,-1.6564242631043575
2021-12-17,-0.7159105603612832
2021-12-20,-0.8439322464074682
2021-12-21,1.3904270622421122
2021-12-22,0.8290002238310392
2021-12-23,0.47814587046776186
2021-12-27,1.080230718255359
2021-12-28,-0.3558050667360316
2021-12-29,-0.3065322917746036
2021-12-30,-0.4867787385961853
2021-12-31,-0.567569695945714
2022-01-03,1.727454436339646
2022-01-04,-0.640028475283979
2022-01-05,-2.0694703867711963
2022-01-06,-0.09658075865454359
2022-01-07,-0.6706132143288781
2022-01-10,0.1805344372397848
2022-01-11,0.8481191741129561
2022-01-12,0.43602234254686967
2022-01-13,-1.977711997994224
2022-01-14,0.211091344341709
2022-01-18,-1.5000796434696355
2022-01-19,-0.8191382589163949
2022-01-20,-0.7756434621280666
2022-01-21,-1.7475011910498934
2022-01-24,0.051622651165320124
2022-01-25,-0.9836750554111928
2022-01-26,0.33467169106482664
2022-01-27,-0.9668203364801764
2022-01-28,1.57009203076594
2022-01-31,1.8956400588131794
2022-02-01,0.6402318943360318
2022-02-02,0.6746681277111474
2022-02-03,-2.704866587708965
2022-02-04,0.8604415282280203
2022-02-07,-0.3453304829491277
2022-02-08,0.2655624187030835
2022-02-09,0.8732281923809709
2022-02-10,-1.189093990543488
2022-02-11,-1.4787614031660161
2022-02-14,-0.02841771011800992
2022-02-15,1.1860338780633275
2022-02-16,0.006538110453487407
2022-02-17,-1.8809256447025289
2022-02-18,-0.7597909195584084
2022-02-22,-0.7269496741045848
2022-02-23,-1.3577087340139018
2022-02-24,1.135860246716825
2022-02-25,0.9155829813606503
2022-02-28,0.23586635828586627
2022-03-01,-0.823808634752203
2022-03-02,0.9072398244545503
2022-03-03,-0.7320470689888477
2022-03-04,-0.4121159729515589
2022-03-07,-1.8662616979050346
2022-03-08,-0.11435257287091075
2022-03-09,1.3671197772442527
2022-03-10,-0.1181771947057884
2022-03-11,-1.274477895597266
2022-03-14,-1.2474752829926508
2022-03-15,1.1131471747543096
2022-03-16,1.613844541394272
2022-03-17,0.753913571365431
2022-03-18,1.0720293447091256
2022-03-21,0.38523105984849376
2022-03-22,0.7946586532225969
2022-03-23,-0.49696392553045615
2022-03-24,1.4118329788041923
2022-03-25,0.05614237862442839
2022-03-28,0.5161898183872915
2022-03-29,0.37190597953804333
2022-03-30,-0.38377089851906965
2022-03-31,-1.286587081347606
2022-04-01,-0.062003158482012044
2022-04-04,1.1862140734738797
2022-04-05,-1.3623227949101067
2022-04-06,-1.46107619437279
2022-04-07,0.10019382683443254
2022-04-08,-0.634389845109583
2022-04-11,-2.1223085059076303
2022-04-12,-0.15677110642542957
2022-04-13,0.8371935748468241
2022-04-14,-1.246486174389243
2022-04-18,0.44922147933347456
2022-04-19,0.8051136999205781
2022-04-20,-0.9755768770615465
2022-04-21,-1.2864325125458616
2022-04-22,-1.6708230903322445
2022-04-25,0.15937985568797633
2022-04-26,-2.4508832526897724
2022-04-27,-0.05743182107451607
2022-04-28,2.016411283921564
2022-04-29,-2.0138209326415684
2022-05-02,0.7643444072876547
2022-05-03,0.23347112451194274
2022-05-04,1.5842069018555565
2022-05-05,-2.1556200026121006
2022-05-06,-0.11074696068698658
2022-05-09,-2.22402122984866
2022-05-10,0.3403186285649575
2022-05-11,-0.9805796677953417
2022-05-12,-0.37563607041312896
2022-05-13,1.4054280771676633
2022-05-16,-0.29326419969044715
2022-05-17,0.9654587970130298
2022-05-18,-1.8547159840490959
2022-05-19,-0.11439000792660081
2022-05-20,-0.2954549928529507
2022-05-23,0.9259492328179069
2022-05-24,-0.9065031610089723
2022-05-25,0.6605100251312078
2022-05-26,0.9966810526963851
2022-05-27,1.249027861215328
2022-05-31,-0.21967722857955915
2022-06-01,-0.21333534748089877
2022-06-02,1.0211113042074011
2022-06-03,-1.224524182705157
2022-06-06,0.22222093206776594
2022-06-07,0.659870548357168
2022-06-08,-0.1798315915105952
2022-06-09,-1.3908375916022282
2022-06-10,-1.846552266118767
2022-06-13,-2.3560678778960313
2022-06-14,-0.012046872429086834
2022-06-15,0.804404784537931
2022-06-16,-1.7430221168469469
2022-06-17,-0.2500414781137502
2022-06-21,1.7747060325130743
2022-06-22,-0.40620347698011117
2022-06-23,0.032659885471310525
2022-06-24,1.3291111251587053
2022-06-27,-0.0852062327316435
2022-06-28,-0.9373316340160749
2022-06-29,-0.34258741384691727
2022-06-30,-1.0009966171644578
2022-07-01,0.25710935084060627
2022-07-05,0.3104776579890731
2022-07-06,0.1133944236286473
2022-07-07,1.320493990980215
2022-07-08,0.07899453322929513
2022-07-11,-1.3340945532556354
2022-07-12,-0.6356774455743037
2022-07-13,-0.2959251846038863
2022-07-14,-0.34403918822961893
2022-07-15,1.3433738479430417
2022-07-18,-0.22142898333161362
2022-07-19,1.838154059910488
2022-07-20,0.5540120670021587
2022-07-21,0.5694180765941604
2022-07-22,-1.2605397453695864
2022-07-25,0.04078500460752011
2022-07-26,-1.2344194984820447
2022-07-27,2.49194562726215
2022-07-28,0.3771557935220617
2022-07-29,1.3933407327350498
2022-08-01,-0.47617716388533177
2022-08-02,-0.21992463737527368
2022-08-03,0.700379037305521
2022-08-04,-0.38505666307935377
2022-08-05,-0.41418973906316814
2022-08-08,-0.510622258950816
2022-08-09,-0.30413009266361085
2022-08-10,1.6097049191163577
2022-08-11,-0.16263156385816027
2022-08-12,1.3350949055058363
2022-08-15,0.10921619532843488
2022-08-16,-0.2653359686667591
2022-08-17,-0.5679444039847081
2022-08-18,0.300200121364329
2022-08-19,-1.3874905511278275
2022-08-22,-1.5131516815745387
2022-08-23,0.35955504405930877
2022-08-24,0.06594302016772596
2022-08-25,1.0260319700582021
2022-08-26,-2.7332054414213203
2022-08-29,-0.2948201936203891
2022-08-30,-1.1372704868193015
2022-08-31,-0.5172859098450076
2022-09-01,-0.4474531733349895
2022-09-02,-0.6723363086210628
2022-09-06,-0.408840648786379
2022-09-07,0.7663951154015398
2022-09-08,0.39415532577820717
2022-09-09,1.2465204359855855
2022-09-12,0.8109625489126496
2022-09-13,-3.5439541419452385
2022-09-14,0.4027309288744277
2022-09-15,-0.6418290608752842
2022-09-16,-0.4440293300289061
2022-09-19,0.3744629811932903
2022-09-20,-0.5337165719494912
2022-09-21,-1.1975909411777577
2022-09-22,-0.591345646889959
2022-09-23,-1.5963721900189267
2022-09-26,-0.6506017736374818
2022-09-27,0.24746441089405852
2022-09-28,1.232338837255677
2022-09-29,-1.6275238594513743
2022-09-30,-0.9256676342783348
2022-10-03,1.1791936473202194
2022-10-04,1.7549823647089104
2022-10-05,0.21202378904850527
2022-10-06,-0.10038583625945106
2022-10-07,-2.1050055257496245
2022-10-10,-0.7438556654972598
2022-10-11,-0.7412188125159759
2022-10-12,0.034767859004307004
2022-10-13,1.5332219050897786
2022-10-14,-1.519333018967662
2022-10-17,1.7295663247101327
2022-10-18,0.2437182675269206
2022-10-19,0.09609249097895983
2022-10-20,-0.31743487285346395
2022-10-21,1.2326450879280169
2022-10-24,0.36975194829495056
2022-10-25,0.7087200088735067
2022-10-26,-1.2412096787860967
2022-10-27,-1.0257884979784777
2022-10-28,1.4403488812924945
2022-10-31,-0.536503093616494
2022-11-01,-0.473825979250818
2022-11-02,-1.6742413005260042
2022-11-03,-0.4611573118932995
2022-11-04,0.6720030515611439
2022-11-07,0.4351879700815163
2022-11-08,0.1283284675901303
2022-11-09,-2.1163601855329675
2022-11-10,3.132706785333254
2022-11-11,0.6272179974254821
2022-11-14,-0.44532230164312847
2022-11-15,0.25065572762253996
2022-11-16,-0.5530054323299237
2022-11-17,-0.21422939442266695
2022-11-18,-0.14203350249685634
2022-11-21,-0.9429817680284558
2022-11-22,1.025897752793493
2022-11-23,0.6034362696831816
2022-11-25,-0.30373316541367196
2022-11-28,-1.2301419952908796
2022-11-29,-0.29980155053900154
2022-11-30,2.3940279149378827
2022-12-01,-0.2563990150192044
2022-12-02,-0.3221835789999653
2022-12-05,-1.2218381767514925
2022-12-06,-1.227474727107403
2022-12-07,-0.31544928516004056
2022-12-08,0.6559713175388445
2022-12-09,-0.4408395767293121
2022-12-12,0.7216176375286744
2022-12-13,0.4560548264915483
2022-12-14,-0.593691577615489
2022-12-15,-1.797150425917501
2022-12-16,-0.7608702262550969
2022-12-19,-0.6222670089754399
2022-12-20,-0.10690900298510507
2022-12-21,0.836052583601122
2022-12-22,-1.8746060949097716
2022-12-23,0.45543371342939104
2022-12-27,-0.9453411566487058
2022-12-28,-0.7300974055089927
2022-12-29,1.2322369565701214
2022-12-30,0.11491921086494988
2023-01-03,-1.3056762834741429
2023-01-04,-0.16228517764744876
2023-01-05,-0.7356033148898293
2023-01-06,1.1464313211442525
2023-01-09,0.22744457615592054
2023-01-10,0.5393621846680161
2023-01-11,1.2054752954525079
2023-01-12,0.601673446751978
2023-01-13,0.37395818553742394
2023-01-17,0.18234317403475794
2023-01-18,-1.392939525752695
2023-01-19,-0.23754825706664862
2023-01-20,1.9798402234887702
2023-01-23,1.1472676173337482
2023-01-24,0.10745687567148816
2023-01-25,-0.3445762132635125
2023-01-26,1.9209443329039646
2023-01-27,0.5086609723366476
2023-01-30,-1.7469895189030826
2023-01-31,1.1641077198235694
2023-02-01,0.7793005987613725
2023-02-02,1.255467366481936
2023-02-03,-0.5661777874817777
2023-02-06,-0.24051251721189815
2023-02-07,1.6645287451460906
2023-02-08,-0.8406546065256125
2023-02-09,-0.4291951668673139
2023-02-10,-0.03988714708991908
2023-02-13,0.5617732776397141
2023-02-14,0.4899710138719575
2023-02-15,0.051260626588613085
2023-02-16,-1.4720295125647935
2023-02-17,-0.9078665268552507
2023-02-21,-1.5092762093587226
2023-02-22,-0.2734889363162827
2023-02-23,1.4880594850661732
2023-02-24,-0.8735324250215326
2023-02-27,0.3445210893064138
2023-02-28,-0.3243221298564689
2023-03-01,-0.5619488440594095
2023-03-02,0.22338307369183574
2023-03-03,1.5124405543286001
2023-03-06,0.016923950288769845
2023-03-07,-1.3121855688828779
2023-03-08,-0.1025120146908706
2023-03-09,-1.6866919612987499
2023-03-10,-0.790648790629133
2023-03-13,0.02434033395856551
2023-03-14,1.729441856758871
2023-03-15,-0.7568931114844604
2023-03-16,1.6322375443957695
2023-03-17,-0.61446926880826
2023-03-20,0.4806115665691519
2023-03-21,1.7359352886717558
2023-03-22,-0.9261930217282313
2023-03-23,0.3254974182484064
2023-03-24,-0.14620058907573022
2023-03-27,-0.03187955367261585
2023-03-28,-0.375481198757668
2023-03-29,0.9526900277295807
2023-03-30,0.45626790067689904
2023-03-31,1.0406434751246068
2023-04-03,1.0577746307549607
2023-04-04,-0.5484072798940846
2023-04-05,-0.2942200494811001
2023-04-06,0.33305395184983044
2023-04-10,-0.25323840362904787
2023-04-11,-0.4214881812193652
2023-04-12,-0.7789555346954637
2023-04-13,1.2174179314944622
2023-04-14,0.29454093503235956
2023-04-17,-0.4305427453392184
2023-04-18,0.47874641039442867
2023-04-19,-0.46255728374006955
2023-04-20,-1.331073480500202
2023-04-21,-0.048964038248558196
2023-04-24,0.16048135863033514
2023-04-25,-1.7816206577923666
2023-04-26,0.281473214602106
2023-04-27,2.390124753869994
2023-04-28,0.48269875054953276
2023-05-01,-0.14166897649954466
2023-05-02,-1.5079345340930972
2023-05-03,-0.9116973028475793
2023-05-04,-0.7610947306291016
2023-05-05,1.8150932125159354
2023-05-08,0.25770087557814264
2023-05-09,-0.5681890850491105
2023-05-10,0.40263168288582446
2023-05-11,-0.10930411964511676
2023-05-12,-0.49544349460749576
2023-05-15,0.19550393083595724
2023-05-16,-0.23405534490745059
2023-05-17,1.5991992183123493
2023-05-18,1.2608169040921375
2023-05-19,-0.26072909662334237
2023-05-22,0.016971038868551964
2023-05-23,-0.770157583979403
2023-05-24,-0.1321661016126023
2023-05-25,3.622983281116171
2023-05-26,0.9382107031073349
2023-05-30,0.3382508361999447
2023-05-31,-1.0725794513794538
2023-06-01,1.3068072370806592
2023-06-02,0.4840734605914996
2023-06-05,-0.16496915870845194
2023-06-06,-0.19476035353906526
2023-06-07,-0.9851831251302363
2023-06-08,0.7496369819312935
2023-06-09,0.15936565521933863
2023-06-12,0.6162642982385672
2023-06-13,0.7137642663494406
2023-06-14,0.054484763103802715
2023-06-15,0.6122621313627419
2023-06-16,-0.5537036070642165
2023-06-20,0.3606379510064963
2023-06-21,-0.8855934916777902
2023-06-22,0.4935466848294801
2023-06-23,-0.9761295166575383
2023-06-26,-1.5524892560933266
2023-06-27,1.1473409097717264
2023-06-28,-0.16873667082953836
2023-06-29,0.035374877731596005
2023-06-30,1.3635829586169315
2023-07-03,0.20440901539509185
2023-07-05,-0.09312244997486989
2023-07-06,-1.1394297127934416
2023-07-07,-0.21458171827546854
2023-07-10,-0.5233111385257785
2023-07-11,0.4528011154033451
2023-07-12,1.1191556405697631
2023-07-13,1.2880575139050345
2023-07-14,-0.17523905780001944
2023-07-17,0.8703049250695447
2023-07-18,0.8331674486901098
2023-07-19,-0.1572832126918735
2023-07-20,-1.9797764785765593
2023-07-21,-0.8149991089202979
2023-07-24,0.6317057489844692
2023-07-25,0.49377312210684565
2023-07-26,-0.1368388743872757
2023-07-27,-0.17112114037352533
2023-07-28,1.201634123390871
2023-07-31,0.3065633003763548
2023-08-01,-0.5970023661443288
2023-08-02,-2.34256478577584
2023-08-03,0.2848415444833275
2023-08-04,-0.23637202114781727
2023-08-07,0.5575222109760617
2023-08-08,-0.7105719899152991
2023-08-09,-1.4955290081239256
2023-08-10,0.008590249792484553
2023-08-11,-0.5752247287986068
2023-08-14,1.4687647305977232
2023-08-15,-1.1864840699266332
2023-08-16,-1.0843581615471245
2023-08-17,-0.5401107519398853
2023-08-18,-0.0994817295493415
2023-08-21,1.9112817221479441
2023-08-22,-0.7554056819784921
2023-08-23,0.93208293030462
2023-08-24,-1.0535279343643094
2023-08-25,0.06462997039329729
2023-08-28,0.5800333048749533
2023-08-29,1.7842753485792682
2023-08-30,0.2876530828445833
2023-08-31,-0.19449596630826313
2023-09-01,-0.2954572949160538
2023-09-05,0.28818099660321156
2023-09-06,-1.140156968878878
2023-09-07,-0.6112509321382733
2023-09-08,-0.05260396411745891
2023-09-11,0.5648038160872034
2023-09-12,-0.3657264652719097
2023-09-13,0.3463000987019724
2023-09-14,0.8645993378962916
2023-09-15,-1.7657614524221978
2023-09-18,0.010534882145290522
2023-09-19,-0.4185344588410199
2023-09-20,-1.5181690760011715
2023-09-21,-1.4431905984264142
2023-09-22,-0.05845673302674699
2023-09-25,0.6538488398115939
2023-09-26,-1.0787315470885592
2023-09-27,0.6082134126530391
2023-09-28,0.578014248254265
2023-09-29,-0.4072555980075397
2023-10-02,0.9250242887821493
2023-10-03,-1.4934555187907337
2023-10-04,0.3413490638119692
2023-10-05,-0.13365453461662993
2023-10-06,1.0344329049168626
2023-10-09,0.4444559591027432
2023-10-10,0.1302324235238661
2023-10-11,0.22555735835351554
2023-10-12,-0.32288574579072427
2023-10-13,-0.6707579090400724
2023-10-16,0.6655590378588851
2023-10-17,-0.907468131392833
2023-10-18,-1.5436144269689198
2023-10-19,-0.8485252075322564
2023-10-20,-1.6687848014516393
2023-10-23,0.38086674512667135
2023-10-24,0.38721231779587784
2023-10-25,-2.104106824738297
2023-10-26,-1.8460290325462443
2023-10-27,-0.062262379365653216
2023-10-30,0.7509469486562675
2023-10-31,-0.03773007070530175
2023-11-01,1.233537178936336
2023-11-02,1.4341453487370999
2023-11-03,0.4799270717471959
2023-11-06,0.2602078504585552
2023-11-07,0.22145056176103975
2023-11-08,0.10058415527941826
2023-11-09,-0.408079598513408
2023-11-10,1.5193436678220187
2023-11-13,0.11814734768807644
2023-11-14,1.167438847259361
2023-11-15,-0.4087005597002454
2023-11-16,0.20126172381028315
2023-11-17,0.013217548832760216
2023-11-20,0.7005974117835038
2023-11-21,-0.371095727196871
2023-11-22,-0.3427567291249453
2023-11-24,-0.5942719522626948
2023-11-27,-0.12942766303303327
2023-11-28,0.1287271616904369
2023-11-29,-0.8357677509129035
2023-11-30,-0.6371568261268735
2023-12-01,-0.2923305980793188
2023-12-04,-1.410368322445047
2023-12-05,0.5328629995548179
2023-12-06,-1.2182115484968505
2023-12-07,1.1673641642515578
2023-12-08,0.703696508077177
2023-12-11,-1.1410598993804493
2023-12-12,0.41699400354571703
2023-12-13,0.4965545187894357
2023-12-14,0.19948951032803042
2023-12-15,0.31733524837225113
2023-12-18,0.9595046794102422
2023-12-19,0.2657682297940822
2023-12-20,-1.6531001150917541
2023-12-21,0.8993594463807397
2023-12-22,-0.19546289351692805
2023-12-26,0.21811090227075194
2023-12-27,0.0185021702382357
2023-12-28,-0.38568079966520874
2023-12-29,-0.4818813240691567
2024-01-02,-0.8473519675548533
2024-01-03,-0.6202920085914088
2024-01-04,-0.4390147324415099
2024-01-05,0.33637264198795075
2024-01-08,1.9802319185750203
2024-01-09,0.07479025999271333
2024-01-10,0.8409364398570414
2024-01-11,-0.05914974097147048
2024-01-12,-0.3147724568691479
2024-01-16,-0.11021039083857198
2024-01-17,-0.6187767119389178
2024-01-18,0.8184681173600341
2024-01-19,1.5096117634229258
2024-01-22,-0.06302272554666526
2024-01-23,0.39129097817849867
2024-01-24,1.0381808825236374
2024-01-25,-0.10757080172793387
2024-01-26,-0.1342834740611438
2024-01-29,1.1092319505405894
2024-01-30,-0.01191240429670586
2024-01-31,-2.5081876466249096
2024-02-01,0.7717578788780086
2024-02-02,2.9186820733172913
2024-02-05,0.3050330837581546
2024-02-06,-0.20918465951290174
2024-02-07,1.0377537822606613
2024-02-08,-0.06741609566814587
2024-02-09,0.795115929101183
2024-02-12,-0.24985615422374116
2024-02-13,-0.9418296979637877
2024-02-14,0.8447700446577299
2024-02-15,0.11418504435371989
2024-02-16,-0.540457390566461
2024-02-20,-1.4469760926684374
2024-02-21,-0.35737893679197513
2024-02-22,4.363716908054804
2024-02-23,-0.19195155596847646
2024-02-26,-0.23420316671642558
2024-02-27,-0.17167997527139917
2024-02-28,-0.5290094551663891
2024-02-29,0.5427781135061696
2024-03-01,0.8432111494781425
2024-03-04,-0.056202667736969684
2024-03-05,-0.43778830278925346
2024-03-06,0.6400582347180535
2024-03-07,1.5126400338560493
2024-03-08,-1.3459687063227044
2024-03-11,-0.5261076059659463
2024-03-12,1.8540049072578058
2024-03-13,-0.31825675468688586
2024-03-14,-0.4699803657364251
2024-03-15,-0.42676388081368233
2024-03-18,0.7446893464822594
2024-03-19,0.3769383391642182
2024-03-20,0.6245085622901365
2024-03-21,0.08146801052118768
2024-03-22,0.7025031023676115
2024-03-25,-0.11535670867124119
2024-03-26,-0.8555038659792128
2024-03-27,-0.3654936538045664
2024-03-28,-0.14456990020975152
2024-04-01,0.172391476728838
2024-04-02,-0.7284491503787798
2024-04-03,-0.04200941914786135
2024-04-04,-1.4043761947947564
2024-04-05,1.3012963617907158
2024-04-08,-0.3611263953038706
2024-04-09,-0.40585055129587233
2024-04-10,0.15488141853496898
2024-04-11,1.5122654708429841
2024-04-12,-1.874239319558531
2024-04-15,-1.4277808821122728
2024-04-16,0.18006052182888108
2024-04-17,-1.148168415866314
2024-04-18,0.08082610575219495
2024-04-19,-2.801791503090705
2024-04-22,0.875261677231635
2024-04-23,1.0900816273541913
2024-04-24,-0.45570274055870635
2024-04-25,-0.09801143452150315
2024-04-26,1.689838021885201
2024-04-29,0.04923574580918863
2024-04-30,-1.2841670932494293
2024-05-01,-0.8289142108843432
2024-05-02,1.0339465135037216
2024-05-03,1.0994943097262637
2024-05-06,1.1136195897238166
2024-05-07,-0.43256142420198884
2024-05-08,-0.05369004381201188
2024-05-09,-0.09590113209961
2024-05-10,0.09994286485160625
2024-05-13,0.020693727637923345
2024-05-14,0.5820731125039945
2024-05-15,1.2312438501676088
2024-05-16,-0.3095598432479014
2024-05-17,-0.23182308515868258
2024-05-20,0.09601066247173964
2024-05-21,0.4125016512690501
2024-05-22,-0.7059709113933003
2024-05-23,1.6630916422161341
2024-05-24,1.0410092737676124
2024-05-28,1.952908916726191
2024-05-29,-0.3048121123507241
2024-05-30,-1.5369581152290237
2024-05-31,0.15866363581118986
2024-06-03,1.1020864558239873
2024-06-04,0.13645517971561136
2024-06-05,1.7534094530100386
2024-06-06,-0.2616199988405733
2024-06-07,-0.3109331655594384
2024-06-10,0.26625206738257645
2024-06-11,-0.03943560364280995
2024-06-12,1.1379912065945421
2024-06-13,0.8498414237160116
2024-06-14,0.3188629334855331
2024-06-17,-0.05906678405302088
2024-06-18,0.7771564722818533
2024-06-20,-1.0603756469527374
2024-06-21,-1.2220074221288066
2024-06-24,-1.8227929774227534
2024-06-25,2.1291897677066998
2024-06-26,0.28313540938182047
2024-06-27,-0.2768449511471078
2024-06-28,-0.4106009244425391
2024-07-01,0.5172333989386899
2024-07-02,0.13237060343555843
2024-07-03,1.366609437307929
2024-07-05,-0.062294496638423645
2024-07-08,0.19304828079563807
2024-07-09,0.6540536270129659
2024-07-10,1.226965106902616
2024-07-11,-2.745228909390938
2024-07-12,0.21895503067459854
2024-07-15,0.14529834512698075
2024-07-16,-0.2550255944969251
2024-07-17,-2.220499638071334
2024-07-18,0.2022073507167264
2024-07-19,-1.0523527457105213
2024-07-22,1.3200895174132616
2024-07-23,-0.3631100786293071
2024-07-24,-2.8816689247434795
2024-07-25,-0.550637626414344
2024-07-26,0.3918631063122915
2024-07-29,-0.2549152670262519
2024-07-30,-1.37648981386441
2024-07-31,2.6206175508413936
2024-08-01,-1.460306549044828
2024-08-02,-0.8717470546870748
2024-08-05,-2.0770890763670895
2024-08-06,0.6502959757190001
2024-08-07,-0.8010319547346295
2024-08-08,1.4008491195082073
2024-08-09,0.1217978030694182
2024-08-12,0.562654845213083
2024-08-13,1.366349612793157
2024-08-14,0.21212266329163842
2024-08-15,1.0442233495723043
2024-08-16,0.14428355272452417
2024-08-19,0.9559939768733021
2024-08-20,-0.658986514735839
2024-08-21,0.11362981004198516
2024-08-22,-1.07469657906022
2024-08-23,1.1325654490636992
2024-08-26,-0.4980367638803759
2024-08-27,0.06730486038520324
2024-08-28,-0.7656963119927842
2024-08-29,-1.2347306659995132
2024-08-30,0.5134530620570694
2024-09-03,-2.7963500491738404
2024-09-04,-0.4162382552240608
2024-09-05,0.1674627028989665
2024-09-06,-1.555761920545131
2024-09-09,0.8424120219287468
2024-09-10,-0.0282166351754083
2024-09-11,1.64155001818109
2024-09-12,0.6045784063600106
2024-09-13,-0.005813396153988666
2024-09-16,-0.37716292804927226
2024-09-17,-0.09656508327991264
2024-09-18,-0.43123177705664845
2024-09-19,1.5914038861327098
2024-09-20,-0.46946383165692657
2024-09-23,0.1645816710140243
2024-09-24,0.7630689884182565
2024-09-25,0.2594503754879543
2024-09-26,-0.15923285026073716
2024-09-27,-0.31846748630318444
2024-09-30,0.2770933239830095
2024-10-01,-1.1960815280989616
2024-10-02,0.2727193267632262
2024-10-03,0.7203098152632733
2024-10-04,1.0796176158200668
2024-10-07,-0.19386073682461935
2024-10-08,1.1058733926478113
2024-10-09,0.004707642097479978
2024-10-10,0.3902200134559317
2024-10-11,0.033049779007321894
2024-10-14,0.9137724111363231
2024-10-15,-2.312240775908068
2024-10-16,0.7319694770148688
2024-10-17,0.045351970122095936
2024-10-18,0.25648221178612857
2024-10-21,1.1162644975048368
2024-10-22,0.12975551009197714
2024-10-23,-1.6571252808794397
2024-10-24,0.6085268268442301
2024-10-25,0.40635204998567714
2024-10-28,-0.24098271484884579
2024-10-29,0.16787498642738607
2024-10-30,-0.47578853117934017
2024-10-31,-2.8067683898965012
2024-11-01,0.49293250164758534
2024-11-04,-0.12380616875556763
2024-11-05,1.1917902559428348
2024-11-06,2.8135762901331227
2024-11-07,0.771933819808057
2024-11-08,-0.13707902747064435
2024-11-11,-0.26723528680698294
2024-11-12,0.2755795130056991
2024-11-13,-0.3889862925934565
2024-11-14,-0.34579325080974166
2024-11-15,-1.5574202388326464
2024-11-18,-0.08062061578985022
2024-11-19,1.2223619974136628
2024-11-20,-0.1671587688534691
2024-11-21,-0.16613709937362706
2024-11-22,-0.9347560441818752
2024-11-25,-1.1081495627278697
2024-11-26,0.3069714087765384
2024-11-27,-0.6466111866850291
2024-11-29,0.8051168092252374
2024-12-02,0.4538059511649904
2024-12-03,0.41404604935334344
2024-12-04,1.0247960899876902
2024-12-05,-0.17338094126353637
2024-12-06,-0.4160803552707674
2024-12-09,-0.9406156690251375
2024-12-10,-0.4709993486554935
2024-12-11,1.4728927957096785
2024-12-12,-0.9513721438348655
2024-12-13,-0.8964547005216174
2024-12-16,-0.19467376129777506
2024-12-17,-0.5042341899995705
2024-12-18,-2.2707736303681876
2024-12-19,0.18306519944010324
2024-12-20,0.9141263129972756
2024-12-23,1.3960069209515675
2024-12-24,0.7278021896208169
2024-12-26,-0.28064213756092793
2024-12-27,-1.3725488407398785
2024-12-30,-0.597313359476775
2024-12-31,-1.026983655639447
2025-01-02,0.4026805611267433
2025-01-03,1.9983112555610032
2025-01-06,1.3075651844848002
2025-01-07,-2.12653458925986
2025-01-08,-0.19902554806620582
2025-01-10,-1.1321976821700357
2025-01-13,-0.23032638478718323
2025-01-14,-0.514875526229842
2025-01-15,1.9214217341966104
2025-01-16,-1.1610125840361314
2025-01-17,1.078375632233567
2025-01-21,0.5193488249028566
2025-01-22,1.0094992359461894
2025-01-23,0.16618225039181547
2025-01-24,-0.9087692196993494
2025-01-27,-4.160499610139387
2025-01-28,1.5067474463772803
2025-01-29,-0.7244264797945986
2025-01-30,0.12686351807643273
2025-01-31,-0.6634796942765816
2025-02-03,-0.7502404516090672
2025-02-04,0.6673581276150874
2025-02-05,0.29273809686314706
2025-02-06,0.5175502405441044
2025-02-07,-0.3832694416281399
2025-02-10,0.5703930072931198
2025-02-11,-0.20928159555293746
2025-02-12,-0.5066872996820057
2025-02-13,1.041052079502736
2025-02-14,0.4876205123621869
2025-02-18,-0.19890440683088728
2025-02-19,-0.004841865593227299
2025-02-20,-0.3138808158425872
2025-02-21,-2.1333792249242345
2025-02-24,-1.1061316474343186
2025-02-25,-1.3197391572001274
2025-02-26,0.5353028692351126
2025-02-27,-2.434432319727388
2025-02-28,1.210403789290305
2025-03-03,-2.4231656931618333
2025-03-04,-0.09037516455835125
2025-03-05,0.3915539164866856
2025-03-06,-1.3841267481189883
2025-03-07,0.28313251949738744
2025-03-10,-2.029983618109677
2025-03-11,0.032479897974529263
2025-03-12,1.178402809618108
2025-03-13,-0.6983659892127899
2025-03-14,1.593365639085711
2025-03-17,-0.32245112314089097
2025-03-18,-1.022852288128781
2025-03-19,0.657573728761369
2025-03-20,0.10556570462365132
2025-03-21,0.1817756295072995
2025-03-24,1.2892692978951614
2025-03-25,0.1891714590020415
2025-03-26,-1.5488036810390409
2025-03-27,-0.5908530801504801
2025-03-28,-1.2558198431646483
2025-03-31,-0.14531867648357416
2025-04-01,0.5208286084149942
2025-04-02,0.1598351418577229
2025-04-03,-3.7367864524582357
2025-04-04,-2.6853772873283477
2025-04-07,0.3256205405704429
2025-04-08,-0.47570393675721734
2025-04-09,4.831370227129764
2025-04-10,-1.0959920449305074
2025-04-11,0.5412247826794178
2025-04-14,-0.10183979470696157
2025-04-15,-0.0473212887537593
2025-04-16,-1.0093738349063037
2025-04-17,-0.6732512179483302
2025-04-21,-0.9589309913081738
2025-04-22,0.6693801648159772
2025-04-23,0.7183371788189227
2025-04-24,0.7101082394550406
2025-04-25,0.6524426937834791
2025-04-28,-0.27313020392153714
2025-04-29,0.021170321409789083
2025-04-30,-0.27342375950352454
2025-05-01,0.6749704597379645
2025-05-02,0.5655603509499175
2025-05-05,-0.3739558573842818
2025-05-06,-0.28667884708028796
2025-05-07,0.21275851357034486
2025-05-08,0.3065251262716549
2025-05-09,-0.07484013280162384
2025-05-12,2.1332136007960703
2025-05-13,0.7943781737388135
2025-05-14,0.8086798314945944
2025-05-15,-0.42280804543089245
2025-05-16,0.15999769671198583
2025-05-19,-0.08896297320489174
2025-05-20,-0.4007717815095219
2025-05-21,-0.8585358460145432
2025-05-22,0.14129448310571907
2025-05-23,-0.6442391120747553
2025-05-27,1.41225685683083
2025-05-28,-0.3805465314240413
2025-05-29,0.700648418039019
2025-05-30,-0.8148774589247764
2025-06-02,0.5067420679427722
2025-06-03,0.5505933405304623
2025-06-04,0.019527017781271357
2025-06-05,-1.0266359672434247
2025-06-06,1.0672583757871672
2025-06-09,0.33193618605237013
2025-06-10,0.6722699341033936
2025-06-11,-0.3502931798808481
2025-06-12,0.35621886682421694
2025-06-13,-0.8287323659237877
2025-06-16,1.017023721658863
2025-06-17,-0.4145281996820406
2025-06-18,0.16907539018673573
2025-06-20,-0.6938585190668555
2025-06-23,0.3123972068066631
2025-06-24,0.7418503023850598
2025-06-25,1.3079165481112374
2025-06-26,0.6675326678870598
2025-06-27,0.7175781442023523
2025-06-30,-0.15845597713026358
2025-07-01,-1.2909540485353916
2025-07-02,1.026859268442383
2025-07-03,0.8082623763342562
2025-07-07,-0.9939832531224082
2025-07-08,0.20244213719439255
2025-07-09,0.7769976975935503
2025-07-10,0.4528998964142875
2025-07-11,0.16567128137541756
2025-07-14,-0.3568479430596839
2025-07-15,1.0341578084617213
2025-07-16,-0.0086499000850997
2025-07-17,0.32642567864464994
2025-07-18,-0.3718183496938293
2025-07-21,-0.013519325063710279
2025-07-22,-1.178082231862574
2025-07-23,1.180998314622342
2025-07-24,0.36105813128070224
2025-07-25,0.022890517405967356
2025-07-28,0.8905834051602958
2025-07-29,-0.7807619003429079
2025-07-30,0.6563515477223102
2025-07-31,0.18706900468022042
2025-08-01,-2.726413201691477
2025-08-04,1.7201139708067998
2025-08-05,-0.6198141331101619
2025-08-06,0.5368411839453062
2025-08-07,0.031071289978430682
2025-08-08,0.8962965161743075
2025-08-11,-0.29574244050137277
2025-08-12,0.7364040569041705
2025-08-13,-0.4337132743408253
2025-08-14,0.15568531222112963
2025-08-15,-0.31933945664500496
2025-08-18,0.08695191955824352
2025-08-19,-2.0162645044207212
2025-08-20,-0.4627710148173784
2025-08-21,-0.3263215562871286
2025-08-22,1.638946470752594
2025-08-25,0.2772004335682223
2025-08-26,0.34506985325784206
2025-08-27,-0.008078404526516232
2025-08-28,-0.09745694914014418
2025-08-29,-1.589448557455696
2025-09-02,-1.105094443208017
2025-09-03,0.47960944827341195
2025-09-04,0.6912222780273659
2025-09-05,-1.48830499068589
2025-09-08,0.17240819540850236
2025-09-09,1.0614366466058303
2025-09-10,0.9744691409515371
2025-09-11,0.3006775302495518
2025-09-12,0.5400433589627267
2025-09-15,0.6501590059800604
2025-09-16,-0.3438131349955028
2025-09-17,-1.0093056482057825
2025-09-18,0.9438817847406294
2025-09-19,0.3718376488892774
2025-09-22,1.2274490757685157
2025-09-23,-1.3731622438389945
2025-09-24,-0.262105821602224
2025-09-25,-0.29823324067551205
2025-09-26,0.3579486410160323
2025-09-29,0.3930836245376715
2025-09-30,0.6298651384184988
2025-10-01,-0.04568549919013633
2025-10-02,-0.006874029702854905
2025-10-03,-0.41295657749078063
2025-10-06,0.1335481947295398
2025-10-07,-0.7533638041049526
2025-10-08,0.9203510682335848
2025-10-09,0.49925768486602723
2025-10-10,-4.052259242748396
2025-10-13,1.5398544915450179
2025-10-14,-1.5332576766782238
2025-10-15,0.15141985262755236
2025-10-16,-0.15113210394127485
2025-10-17,0.43901252670268437
2025-10-20,0.4764044348605139
2025-10-21,-0.5313629921806097
2025-10-22,-0.31379405355101236
2025-10-23,0.49393653449858843
2025-10-24,0.9117355357043468
2025-10-27,1.682738445302659
2025-10-28,1.5429386787038928
2025-10-29,0.97106118133387
2025-10-30,-1.6131151831399377
2025-10-31,-0.0070037098626285575
2025-11-03,0.5857599337249538
2025-11-04,-1.7695935881847396
2025-11-05,-0.29682231246150786
2025-11-06,-1.508479752622399
2025-11-07,-0.1481480926532689
2025-11-10,2.1848414356316304
2025-11-11,-0.677313016888021
2025-11-12,-0.2780341326333533
2025-11-13,-1.7168108243947566
2025-11-14,0.26095587919940044
2025-11-17,-0.6589866693126459
2025-11-18,-1.1339709671585496
2025-11-19,0.6851780464864462
2025-11-20,-1.3144526798205514
2025-11-21,-0.00904323408365225
2025-11-24,1.2795568601664928
2025-11-25,-0.3519650171040301
2025-11-26,0.4099472620373512
2025-11-28,-0.1527367098185928
2025-12-01,0.11997325200190294
2025-12-02,0.20442805869602354
2025-12-03,-0.07955654193114985
2025-12-04,0.6529534281884368
2025-12-05,-0.1651643855027922
2025-12-08,-0.005431807874628547
2025-12-09,-0.3135470416417056
2025-12-10,0.015076827795786571
2025-12-11,-0.6825155725739745
2025-12-12,-1.4517414565452678
2025-12-15,0.053341270081133915
2025-12-16,-0.015114621351247994
2025-12-17,-2.0221928888910665
2025-12-18,0.9677703760108708
2025-12-19,1.3241646276861772
2025-12-22,0.6627186554406604
2025-12-23,1.1900634646935502
2025-12-24,-0.09115663519241832
2025-12-26,0.053623405216193035
2025-12-29,-0.7349776092209169
2025-12-30,-0.17793995432291745
2025-12-31,-0.6276566695518909
2026-01-02,0.248871154146665
2026-01-05,0.4582382657039711
2026-01-06,-0.6802167967486512
2026-01-07,-0.07061408851277172
2026-01-08,-0.40029404249809036
2026-01-09,0.2328755409937114
2026-01-12,-0.31389532349882304
2026-01-13,-0.29857765490623867
2026-01-14,-1.0609788494691494
2026-01-15,0.5859011577771523
2026-01-16,-0.3646639799270274
2026-01-20,-3.2150533189723123
2026-01-21,1.3309896553638842
2026-01-22,0.8400056732939759
2026-01-23,0.568642523672169
2026-01-26,-0.003950875291782211
2026-01-27,0.11934522497832344
2026-01-28,0.5140855226512573
2026-01-29,0.3677598775047756
2026-01-30,-0.48783096824070477
2026-02-02,-1.1831014806345288
2026-02-03,-1.050775898542228
2026-02-04,-1.4691999161508937
2026-02-05,-1.3585889952317558
2026-02-06,2.54271009520919
2026-02-09,0.9009053726517362
2026-02-10,-0.5124932184756728
2026-02-11,-0.001352660844394991
2026-02-12,-1.53127336323785
2026-02-13,-0.9873010236702117
2026-02-17,0.11785185918644525
2026-02-18,0.7991822486767043
2026-02-19,-0.16024633911547587
2026-02-20,0.5262867165452039
2026-02-23,-0.4197126965794457
2026-02-24,0.2258036153227045
2026-02-25,0.9706016485254503
2026-02-26,-2.129965032760209
2026-02-27,-1.3305757895536707
2026-03-02,0.7324879980885386
2026-03-03,-0.7069605176682514
2026-03-04,0.5386124450376217
2026-03-05,-0.20078371995424113
2026-03-06,-1.4959202164207388
2026-03-09,0.9155095324877784
2026-03-10,0.11011281346830708
2026-03-11,0.4044424849702578
2026-03-12,-1.1650677164465446
2026-03-13,-0.8360200063767872
2026-03-16,0.9375218399706772
2026-03-17,0.000676436150566222
2026-03-18,-0.9093221678435782
2026-03-19,-0.6966910338772684
2026-03-20,-1.675981945576186
2026-03-23,0.885299711514667
2026-03-24,-0.35598752979514725
2026-03-25,0.5204522514724562
2026-03-26,-2.3099793881622026
2026-03-27,-1.2479747766247893
2026-03-30,-0.3894016311509935
2026-03-31,2.655172284174757
2026-04-01,0.02914433549792984
2026-04-02,-0.051026207468997435
2026-04-06,0.2466202233677962
2026-04-07,0.20489295782745143
2026-04-08,0.9426563074459798
2026-04-09,0.4760521881134378
2026-04-10,0.4856264825479236
2026-04-13,0.421680216152577
2026-04-14,1.5734886134651653
2026-04-15,0.7888786688982405
2026-04-16,0.11309262121240485
2026-04-17,0.5811193419029359
2026-04-20,-0.1910651316612347
2026-04-21,-0.5708588468841708
2026-04-22,0.9446206915685741
2026-04-23,-0.9542001365984709
2026-04-24,1.5688813365509393
2026-04-27,1.2496922652217584
2026-04-28,-0.41560526222131666
2026-04-29,-0.5208807515193584
2026-04-30,-1.2006640335264047
2026-05-01,-0.08414486913116033
2026-05-04,-0.175360029877735
2026-05-05,-0.19818065237585183
2026-05-06,2.0142641228195752
2026-05-07,0.318420606373239
2026-05-08,0.5181637848330232
2026-05-11,0.5223764241350303
2026-05-12,0.16404148852268224
2026-05-13,1.3658518094842749
2026-05-14,1.3873101576058957
2026-05-15,-1.5011391404439092
2026-05-18,-0.47133117097431926
2026-05-19,-0.7475192244514959
2026-05-20,0.32116328285884593
2026-05-21,-0.6848973242755132
2026-05-22,-0.6720147492472799
2026-05-26,-0.3981975996907936
2026-05-27,-0.37025211415466025
2026-05-28,0.2826660020180745
2026-05-29,-0.8745234348563412
2026-06-01,1.6712292975723675
2026-06-02,-0.6876684124279323
2026-06-03,-1.410467026501668
2026-06-04,1.1839136115933253
2026-06-05,-3.045739478879089
2026-06-08,0.305097395836084
2026-06-09,-0.520643334396997
2026-06-10,-1.5545120756807278
2026-06-11,0.49330924190287867
2026-06-12,0.08582961755829613
2026-06-15,1.2038491494102834
2026-06-16,-0.4730711640556314
2026-06-17,-1.2674780301601514
2026-06-18,0.7194397494549276
2026-06-22,-0.8798146168500758
2026-06-23,-1.3766285652221613
2026-06-24,-0.5938893891670002
2026-06-25,-1.0248140120168245
2026-06-26,-0.31682970106794
2026-06-29,0.9082878161686093
2026-06-30,0.9070597434613711
2026-07-01,0.37809071372448616
2026-07-02,-0.6758431182263822
2026-07-06,0.5432719239977056
2026-07-07,0.5090188198067004
2026-07-08,0.46708196707087657
2026-07-09,-0.0696558315269494
2026-07-10,1.529800684193058
2026-07-13,-1.1173375537517043
2026-07-14,1.4252037447308707
2026-07-15,0.7421415106324942
2026-07-16,-1.229622169963692
2026-07-17,-1.1692553229034275
2026-07-20,-0.018914883895303554
2026-07-21,0.7758686806453577
2026-07-22,0.3712831079226513
