date,garch_conditional_volatility
2021-01-04,0.013355951377730829
2021-01-05,0.012894759921671843
2021-01-06,0.012723545597043235
2021-01-07,0.012388273737150403
2021-01-08,0.014540091227416894
2021-01-11,0.014276782666916604
2021-01-12,0.014376997228051963
2021-01-13,0.013849663496946591
2021-01-14,0.0134076881016145
2021-01-15,0.013145607680092286
2021-01-19,0.013274108146741726
2021-01-20,0.013355605526911262
2021-01-21,0.014008185705578673
2021-01-22,0.013587434061116043
2021-01-25,0.013152239132735945
2021-01-26,0.012798486110909092
2021-01-27,0.012383602540857665
2021-01-28,0.013911143043469375
2021-01-29,0.013410079774880719
2021-02-01,0.01453831767736595
2021-02-02,0.015238499407323459
2021-02-03,0.01529967806457678
2021-02-04,0.014839315821596713
2021-02-05,0.014303111481900064
2021-02-08,0.01380313036539438
2021-02-09,0.01363576170237976
2021-02-10,0.01321881493492186
2021-02-11,0.01276605147004683
2021-02-12,0.012341214711400377
2021-02-16,0.011942108161073876
2021-02-17,0.011604344371677344
2021-02-18,0.011261957096464244
2021-02-19,0.011102672640901033
2021-02-22,0.01095449826597675
2021-02-23,0.011678328577116162
2021-02-24,0.011325494709956821
2021-02-25,0.011556456249928586
2021-02-26,0.015153489939632805
2021-03-01,0.014571379668846314
2021-03-02,0.01580796424474642
2021-03-03,0.015863917420006212
2021-03-04,0.016109040047806566
2021-03-05,0.01554780397020059
2021-03-08,0.01549229141442923
2021-03-09,0.016401512701253836
2021-03-10,0.01814072288917247
2021-03-11,0.01738028334741832
2021-03-12,0.017321128732631322
2021-03-15,0.016679336494487294
2021-03-16,0.016007405289682346
2021-03-17,0.015388127597081682
2021-03-18,0.014855122279639279
2021-03-19,0.016084522022354816
2021-03-22,0.015466823329001435
2021-03-23,0.0149579910045383
2021-03-24,0.014455347714487785
2021-03-25,0.014308589632357744
2021-03-26,0.013805301759103751
2021-03-29,0.013501346777330989
2021-03-30,0.013025532932560641
2021-03-31,0.012646366271870303
2021-04-01,0.012505097064090372
2021-04-05,0.012744266670015141
2021-04-06,0.013237090504222646
2021-04-07,0.012905363590914232
2021-04-08,0.012655054800479822
2021-04-09,0.01228596990647412
2021-04-12,0.012063727971359057
2021-04-13,0.011718705112997186
2021-04-14,0.011771316169165975
2021-04-15,0.011986036409137342
2021-04-16,0.01249669003539605
2021-04-19,0.012103534214407742
2021-04-20,0.01210945603809827
2021-04-21,0.011938944270239966
2021-04-22,0.011737925554679311
2021-04-23,0.012483289748640991
2021-04-26,0.012674593062147084
2021-04-27,0.01229555893120481
2021-04-28,0.011977089680203229
2021-04-29,0.011633637928375453
2021-04-30,0.011651549710622062
2021-05-03,0.011613417580967223
2021-05-04,0.011308848486046762
2021-05-05,0.011484941466103588
2021-05-06,0.011162846221823014
2021-05-07,0.011077866200384787
2021-05-10,0.010888233710022115
2021-05-11,0.012328735791217696
2021-05-12,0.012376145682378182
2021-05-13,0.013400427891341054
2021-05-14,0.012967472313671746
2021-05-17,0.013856827628471657
2021-05-18,0.01335745088626692
2021-05-19,0.013393699480596185
2021-05-20,0.01300743082508749
2021-05-21,0.012943921357298754
2021-05-24,0.012514555774361618
2021-05-25,0.01310074152611452
2021-05-26,0.012681548961216114
2021-05-27,0.012284992201491388
2021-05-28,0.011914045782447109
2021-06-01,0.011544588748116914
2021-06-02,0.011231327004516957
2021-06-03,0.010912895640344955
2021-06-04,0.010831981443711251
2021-06-07,0.011165501483083618
2021-06-08,0.010849461030876521
2021-06-09,0.01055660771630016
2021-06-10,0.010310121097302338
2021-06-11,0.010100821877462283
2021-06-14,0.009866343522363126
2021-06-15,0.00975660144810236
2021-06-16,0.009604122855235183
2021-06-17,0.009437041048974863
2021-06-18,0.009347269297447601
2021-06-21,0.009872514852957572
2021-06-22,0.009981606428771697
2021-06-23,0.010154812696582957
2021-06-24,0.009976408109128166
2021-06-25,0.009821700006662446
2021-06-28,0.009649085344982404
2021-06-29,0.00985043451802271
2021-06-30,0.009670062402115837
2021-07-01,0.009469819167987238
2021-07-02,0.00936768954566033
2021-07-06,0.009556778005587227
2021-07-07,0.009374117442159447
2021-07-08,0.009260670230916465
2021-07-09,0.00946605820186759
2021-07-12,0.009570043249347304
2021-07-13,0.009636372415871343
2021-07-14,0.009549133074717633
2021-07-15,0.009554344500879273
2021-07-16,0.00983458718829848
2021-07-19,0.010627748061471065
2021-07-20,0.01114572275473534
2021-07-21,0.01116407719323358
2021-07-22,0.011352071445355208
2021-07-23,0.011051684548589591
2021-07-26,0.011113192491745945
2021-07-27,0.010851100145098984
2021-07-28,0.011037617460358164
2021-07-29,0.010799935884059341
2021-07-30,0.010512453951142038
2021-08-02,0.01088917904713133
2021-08-03,0.010602025739331878
2021-08-04,0.010458536036097421
2021-08-05,0.010201480616015755
2021-08-06,0.010035492564617814
2021-08-09,0.009811042295853134
2021-08-10,0.009625104861880276
2021-08-11,0.009449307239249062
2021-08-12,0.009318881995797463
2021-08-13,0.009282619166994167
2021-08-16,0.009111298707020528
2021-08-17,0.008999979244270082
2021-08-18,0.009630725554471828
2021-08-19,0.009962636086960856
2021-08-20,0.00975085219022619
2021-08-23,0.010186909007282932
2021-08-24,0.011207456736696143
2021-08-25,0.010890078718193705
2021-08-26,0.010627695948597131
2021-08-27,0.010566180510373623
2021-08-30,0.010853458870905351
2021-08-31,0.010705508243445534
2021-09-01,0.010516025512290568
2021-09-02,0.010250717839167311
2021-09-03,0.010007351009708483
2021-09-07,0.009786056829684541
2021-09-08,0.0095943159125079
2021-09-09,0.009660390630392587
2021-09-10,0.009542432955475166
2021-09-13,0.00982465367932084
2021-09-14,0.00970926498940192
2021-09-15,0.009575865504959286
2021-09-16,0.0097281033781691
2021-09-17,0.00958085374666401
2021-09-20,0.010020104014200504
2021-09-21,0.012307703110643617
2021-09-22,0.011914855764968327
2021-09-23,0.011796000190086316
2021-09-24,0.0119058780263918
2021-09-27,0.011573361044135906
2021-09-28,0.011230515417357834
2021-09-29,0.012942201605236323
2021-09-30,0.012532439801340271
2021-10-01,0.012379615115495853
2021-10-04,0.012442505382371629
2021-10-05,0.013276490195342733
2021-10-06,0.013368285248480185
2021-10-07,0.012927948585891285
2021-10-08,0.012670894352224875
2021-10-11,0.01224949222120613
2021-10-12,0.012118246990641035
2021-10-13,0.011844734256817513
2021-10-14,0.011481567146863656
2021-10-15,0.012400191963814833
2021-10-18,0.01226748016551252
2021-10-19,0.01216186792364464
2021-10-20,0.011837644094801682
2021-10-21,0.011473680902541533
2021-10-22,0.011231514838783872
2021-10-25,0.011113093895921
2021-10-26,0.011525378567226597
2021-10-27,0.011574331710691426
2021-10-28,0.011254143368608506
2021-10-29,0.011395884747267118
2021-11-01,0.011345684461538115
2021-11-02,0.011109377611433695
2021-11-03,0.010798793747050596
2021-11-04,0.010707467628780887
2021-11-05,0.011910732867748589
2021-11-08,0.011545264559028288
2021-11-09,0.011202040076363629
2021-11-10,0.011484921009352922
2021-11-11,0.011984220867462578
2021-11-12,0.01163648300575427
2021-11-15,0.011338920654522917
2021-11-16,0.011072712702557823
2021-11-17,0.010803627381253213
2021-11-18,0.010567030924807375
2021-11-19,0.011269477508649782
2021-11-22,0.010984733150721088
2021-11-23,0.010907080628379015
2021-11-24,0.01062136559737888
2021-11-26,0.010470300801423646
2021-11-29,0.013199467364654027
2021-11-30,0.014471921081948747
2021-12-01,0.014652101001814138
2021-12-02,0.015019011700591858
2021-12-03,0.014555353558849451
2021-12-06,0.015300021286910902
2021-12-07,0.014812471938145683
2021-12-08,0.016605254622651076
2021-12-09,0.0159399860951571
2021-12-10,0.015882414679999863
2021-12-13,0.015303242781895803
2021-12-14,0.016165200881033463
2021-12-15,0.015627208756575008
2021-12-16,0.01635992706129696
2021-12-17,0.01738217019984141
2021-12-20,0.017010505136291026
2021-12-21,0.016784408751064447
2021-12-22,0.01733371189774788
2021-12-23,0.017080678839614883
2021-12-27,0.016532433973224535
2021-12-28,0.016607471024014418
2021-12-29,0.01601717656537724
2021-12-30,0.015439473813867097
2021-12-31,0.014981728428731083
2022-01-03,0.014597983847856346
2022-01-04,0.015669549528619077
2022-01-05,0.015304896390699395
2022-01-06,0.017099237837333647
2022-01-07,0.016402759874074076
2022-01-10,0.016030482572425078
2022-01-11,0.015413335389020115
2022-01-12,0.01524418312654689
2022-01-13,0.014768919023793608
2022-01-14,0.016324879748951148
2022-01-18,0.01569775353553414
2022-01-19,0.016413310633069084
2022-01-20,0.01618061205872211
2022-01-21,0.01591281160693516
2022-01-24,0.017090409344182086
2022-01-25,0.01638996654718547
2022-01-26,0.016343650748474974
2022-01-27,0.0157587383004817
2022-01-28,0.015707437826453192
2022-01-31,0.016544999044325
2022-02-01,0.018069277631444877
2022-02-02,0.017598769176308694
2022-02-03,0.017179478727400988
2022-02-04,0.020851150858199805
2022-02-07,0.020530940090681824
2022-02-08,0.019723546790711696
2022-02-09,0.018920936845483124
2022-02-10,0.018671869480018498
2022-02-11,0.01889052170043657
2022-02-14,0.019647049416631878
2022-02-15,0.018794540611810687
2022-02-16,0.01900765800301706
2022-02-17,0.018191762361922492
2022-02-18,0.01980440573216382
2022-02-22,0.019389278736416955
2022-02-23,0.018952093090742826
2022-02-24,0.01947194070246831
2022-02-25,0.01959762079726245
2022-02-28,0.01938643604228421
2022-03-01,0.018591042723055052
2022-03-02,0.018291492534027513
2022-03-03,0.01810284103695639
2022-03-04,0.017719307820996066
2022-03-07,0.01709783876833412
2022-03-08,0.018597651976902326
2022-03-09,0.017815365961914388
2022-03-10,0.01833788503688617
2022-03-11,0.01757140575043434
2022-03-14,0.01793203046989898
2022-03-15,0.018248616916231447
2022-03-16,0.018349115003426467
2022-03-17,0.01936872692024018
2022-03-18,0.018962226895679488
2022-03-21,0.01899115684304925
2022-03-22,0.018287303883099154
2022-03-23,0.01796426916587658
2022-03-24,0.017384177568615426
2022-03-25,0.017980435044335764
2022-03-28,0.017227227202834098
2022-03-29,0.016696972888901967
2022-03-30,0.01610937290212577
2022-03-31,0.015560042316841126
2022-04-01,0.015933652925658206
2022-04-04,0.015304303440958789
2022-04-05,0.015536373883244884
2022-04-06,0.016024710441804865
2022-04-07,0.016681275840339106
2022-04-08,0.0160103831881683
2022-04-11,0.01562579168074696
2022-04-12,0.017568135372767964
2022-04-13,0.01685427843711176
2022-04-14,0.016625883614060727
2022-04-18,0.016940128789328296
2022-04-19,0.016381301770226578
2022-04-20,0.016135372330480405
2022-04-21,0.01608519808847366
2022-04-22,0.016459998704777785
2022-04-25,0.01751468316657743
2022-04-26,0.01680453802043026
2022-04-27,0.01970382241216954
2022-04-28,0.018849968192879075
2022-04-29,0.020854652153940507
2022-05-02,0.02303901545016834
2022-05-03,0.022520217018068486
2022-05-04,0.02155180009017721
2022-05-05,0.02263106976551221
2022-05-06,0.02543703468986019
2022-05-09,0.02427018714784157
2022-05-10,0.027508481527295407
2022-05-11,0.026342108452754594
2022-05-12,0.026099372035113283
2022-05-13,0.025029516759147757
2022-05-16,0.025759969671647384
2022-05-17,0.02465076102297947
2022-05-18,0.024409549097057573
2022-05-19,0.02640898151621913
2022-05-20,0.025190115539625184
2022-05-23,0.024111597915692527
2022-05-24,0.023811568417172035
2022-05-25,0.023485556639509523
2022-05-26,0.022817168281497043
2022-05-27,0.022664222714603957
2022-05-31,0.022998038950850366
2022-06-01,0.021998159618872595
2022-06-02,0.02105020458144865
2022-06-03,0.02096766120005719
2022-06-06,0.021247237737221352
2022-06-07,0.020343744773209528
2022-06-08,0.019797959313885054
2022-06-09,0.018961403254382465
2022-06-10,0.019544869068708275
2022-06-13,0.021170679858971003
2022-06-14,0.024445471013606758
2022-06-15,0.023321148065193094
2022-06-16,0.02284978077372503
2022-06-17,0.02441172645563078
2022-06-21,0.02334960300447824
2022-06-22,0.025033000036189832
2022-06-23,0.024039390253974308
2022-06-24,0.022938476563968704
2022-06-27,0.023449526205046447
2022-06-28,0.022387195033613354
2022-06-29,0.022143526917714356
2022-06-30,0.021250471827249692
2022-07-01,0.02113184875606809
2022-07-05,0.020248661682094347
2022-07-06,0.019437896293679792
2022-07-07,0.018606781693127506
2022-07-08,0.019053804710029675
2022-07-11,0.018239882275595726
2022-07-12,0.01870801397719496
2022-07-13,0.018206049987555897
2022-07-14,0.017500128119401038
2022-07-15,0.016854888791581316
2022-07-18,0.017325555993914176
2022-07-19,0.016642682893276618
2022-07-20,0.018049982632780407
2022-07-21,0.01750793214885598
2022-07-22,0.017003315409359634
2022-07-25,0.017339830400593895
2022-07-26,0.016623735914354683
2022-07-27,0.0169194858284822
2022-07-28,0.019947294196674903
2022-07-29,0.01918875133136254
2022-08-01,0.019780851225228213
2022-08-02,0.019096619977578055
2022-08-03,0.018311988025670797
2022-08-04,0.017888390765045534
2022-08-05,0.017242866723041782
2022-08-08,0.01664781800804333
2022-08-09,0.016142675351372683
2022-08-10,0.015556803755175382
2022-08-11,0.016459703096541583
2022-08-12,0.015812846905845338
2022-08-15,0.016261279517737894
2022-08-16,0.015617033197447854
2022-08-17,0.015048108350296687
2022-08-18,0.014661287283945189
2022-08-19,0.01416102504729929
2022-08-22,0.014673018692034776
2022-08-23,0.0153848092418984
2022-08-24,0.014865208308664935
2022-08-25,0.014302687158902948
2022-08-26,0.014353048477326602
2022-08-29,0.017535740323251125
2022-08-30,0.016866858278362915
2022-08-31,0.01701716215836479
2022-09-01,0.016498068159236812
2022-09-02,0.015961459718491052
2022-09-06,0.015609753992970331
2022-09-07,0.015100461835252304
2022-09-08,0.014865556133958503
2022-09-09,0.014391045580149702
2022-09-12,0.014708902944627924
2022-09-13,0.0145292416966826
2022-09-14,0.01990694786502529
2022-09-15,0.019166120259399847
2022-09-16,0.01865059231938495
2022-09-19,0.018000366575190895
2022-09-20,0.01734317159626991
2022-09-21,0.01681965215020488
2022-09-22,0.017059047189015925
2022-09-23,0.016592466956289256
2022-09-26,0.017509019300130893
2022-09-27,0.01707180073227116
2022-09-28,0.016411892272859607
2022-09-29,0.01670480807128053
2022-09-30,0.01768557428462509
2022-10-03,0.017535971188384448
2022-10-04,0.017743778005076004
2022-10-05,0.019038990403536026
2022-10-06,0.01825504722356418
2022-10-07,0.017490608934109458
2022-10-10,0.019587031887885423
2022-10-11,0.019161366388037327
2022-10-12,0.018748200860886795
2022-10-13,0.0179483598117629
2022-10-14,0.018787880713693302
2022-10-17,0.019624765981288005
2022-10-18,0.020967342319085643
2022-10-19,0.020087546900692633
2022-10-20,0.019216290897121565
2022-10-21,0.018464614094330842
2022-10-24,0.01875670857699859
2022-10-25,0.01805657315933163
2022-10-26,0.017651315166844456
2022-10-27,0.017957347517931366
2022-10-28,0.01793423574204219
2022-10-31,0.01859338561121352
2022-11-01,0.018012058342960366
2022-11-02,0.017413772044036692
2022-11-03,0.01851938526104361
2022-11-04,0.017887092689903437
2022-11-07,0.01745336699037201
2022-11-08,0.016859343841428648
2022-11-09,0.016182005652077357
2022-11-10,0.018169053918283235
2022-11-11,0.023410967851385633
2022-11-14,0.022706319344946255
2022-11-15,0.021856615639369067
2022-11-16,0.020931368236863732
2022-11-17,0.02025627253401886
2022-11-18,0.019404724174724643
2022-11-21,0.018581131856684762
2022-11-22,0.018431778972695954
2022-11-23,0.01840040942760654
2022-11-25,0.017882980251162146
2022-11-28,0.017198369203490528
2022-11-29,0.01748681314560262
2022-11-30,0.016822723996457793
2022-12-01,0.019574700068832714
2022-12-02,0.018776601386683682
2022-12-05,0.01805109429565761
2022-12-06,0.0183252835123177
2022-12-07,0.018608654832347523
2022-12-08,0.017889161750005544
2022-12-09,0.01744057139862856
2022-12-12,0.01685059994181525
2022-12-13,0.01650543822059635
2022-12-14,0.015973457289962318
2022-12-15,0.015559556515394339
2022-12-16,0.01681423900807179
2022-12-19,0.01650828550337514
2022-12-20,0.016091451329923467
2022-12-21,0.01545722366697175
2022-12-22,0.015274562695605691
2022-12-23,0.016663557095594184
2022-12-27,0.016122908098784115
2022-12-28,0.016037439670744648
2022-12-29,0.015732628972893528
2022-12-30,0.01602684906775306
2023-01-03,0.015397685797903212
2023-01-04,0.015799059728897356
2023-01-05,0.015191993196073448
2023-01-06,0.014926441388312752
2023-01-09,0.015109713289326913
2023-01-10,0.014559965004133748
2023-01-11,0.014179859932707655
2023-01-12,0.014445522684334524
2023-01-13,0.014111239819647538
2023-01-17,0.013671667595471606
2023-01-18,0.01320120422879994
2023-01-19,0.01371144602251833
2023-01-20,0.013250886121771808
2023-01-23,0.01468640069834315
2023-01-24,0.014873534058145068
2023-01-25,0.014314698846211298
2023-01-26,0.013851354083102918
2023-01-27,0.015226545051316532
2023-01-30,0.014793011594375833
2023-01-31,0.01590972133331948
2023-02-01,0.0161066921082915
2023-02-02,0.015845183034082288
2023-02-03,0.016173111327138688
2023-02-06,0.015729681388399714
2023-02-07,0.015146328580344464
2023-02-08,0.016131030858080007
2023-02-09,0.01593017933651982
2023-02-10,0.015413843678665766
2023-02-13,0.01481528318002085
2023-02-14,0.01443614110110048
2023-02-15,0.014033955299688873
2023-02-16,0.013523522111648374
2023-02-17,0.01414807291743193
2023-02-21,0.014079523308184681
2023-02-22,0.014770970990753198
2023-02-23,0.014255268111258417
2023-02-24,0.01491808990511318
2023-02-27,0.01479080153405597
2023-02-28,0.014299342785481402
2023-03-01,0.013829331638993223
2023-03-02,0.013501117973409218
2023-03-03,0.013050429669494941
2023-03-06,0.013723398394945378
2023-03-07,0.013231875134439545
2023-03-08,0.013636653410975712
2023-03-09,0.013156277607051941
2023-03-10,0.014093095781919087
2023-03-13,0.013919185801048319
2023-03-14,0.013415072008156621
2023-03-15,0.014431988593427472
2023-03-16,0.014215795690963939
2023-03-17,0.015107288377124084
2023-03-20,0.014749761508250478
2023-03-21,0.014325398421164749
2023-03-22,0.015398230801609646
2023-03-23,0.015310997400267519
2023-03-24,0.01478162742362717
2023-03-27,0.014234279004569448
2023-03-28,0.013710034140746794
2023-03-29,0.013294886502524443
2023-03-30,0.013296192528841191
2023-03-31,0.012940731036858649
2023-04-03,0.013038398588100247
2023-04-04,0.013151307771918141
2023-04-05,0.012851499502841843
2023-04-06,0.01246116739411916
2023-04-10,0.01210779491406909
2023-04-11,0.011755119328540073
2023-04-12,0.011478045216811434
2023-04-13,0.011407779227075
2023-04-14,0.011714826392654228
2023-04-17,0.01139896304020922
2023-04-18,0.011148061826957876
2023-04-19,0.010932265198110878
2023-04-20,0.01072380947911883
2023-04-21,0.011154346972311727
2023-04-24,0.010840072740845454
2023-04-25,0.010558633616918348
2023-04-26,0.011515856244114483
2023-04-27,0.011210048387668058
2023-04-28,0.013150956275091157
2023-05-01,0.012816611549112143
2023-05-02,0.012395202236886964
2023-05-03,0.01304845146507932
2023-05-04,0.01301950902979576
2023-05-05,0.012866538770484498
2023-05-08,0.013993986644438515
2023-05-09,0.013521146697204207
2023-05-10,0.013212894683416476
2023-05-11,0.012838578057405053
2023-05-12,0.012411623243630387
2023-05-15,0.012126281256798708
2023-05-16,0.011760116586854502
2023-05-17,0.01142657910074507
2023-05-18,0.01217784605591535
2023-05-19,0.012523940115323984
2023-05-22,0.012145588626256358
2023-05-23,0.01176011991186116
2023-05-24,0.011670590969010937
2023-05-25,0.011326210054003576
2023-05-26,0.01576149879391195
2023-05-30,0.015677476848056073
2023-05-31,0.01513205194525645
2023-06-01,0.0152199612604409
2023-06-02,0.015622302710527766
2023-06-05,0.015153319462204941
2023-06-06,0.014586322974777527
2023-06-07,0.014060704378483896
2023-06-08,0.014072976398403252
2023-06-09,0.01386575847287951
2023-06-12,0.013378615727769678
2023-06-13,0.01310737826439155
2023-06-14,0.012915474211830162
2023-06-15,0.01247883875178006
2023-06-16,0.012251967244775022
2023-06-20,0.012004984240577195
2023-06-21,0.011689998489187286
2023-06-22,0.01168863495845258
2023-06-23,0.011445606240251458
2023-06-26,0.011526696669242338
2023-06-27,0.012220272853988886
2023-06-28,0.012442565342596103
2023-06-29,0.012050356329887647
2023-06-30,0.011671954453946061
2023-07-03,0.01213696174286699
2023-07-05,0.011771759654276561
2023-07-06,0.01141626368189925
2023-07-07,0.011645602696863315
2023-07-10,0.011315944531409496
2023-07-11,0.011109058565391022
2023-07-12,0.010885370997689166
2023-07-13,0.011107497945870192
2023-07-14,0.0114908224073631
2023-07-17,0.011165025588298688
2023-07-18,0.011173471808093392
2023-07-19,0.011154795589570951
2023-07-20,0.010850189688122654
2023-07-21,0.01209882064151884
2023-07-24,0.01202644021226332
2023-07-25,0.011835149308824074
2023-07-26,0.011583335677263145
2023-07-27,0.01124565158576506
2023-07-28,0.01093654165549322
2023-07-31,0.011234840865916607
2023-08-01,0.010954750277515276
2023-08-02,0.01080488612413761
2023-08-03,0.01261204485852454
2023-08-04,0.012234409416637358
2023-08-07,0.011869355923346652
2023-08-08,0.011646201714591515
2023-08-09,0.011522774386190704
2023-08-10,0.01214463685499715
2023-08-11,0.01175913240569456
2023-08-14,0.011551436343059298
2023-08-15,0.012140790885320938
2023-08-16,0.01240559993809919
2023-08-17,0.012559754459928591
2023-08-18,0.012288250530386487
2023-08-21,0.011897541616297613
2023-08-22,0.013117312953065776
2023-08-23,0.01295573651532462
2023-08-24,0.012948391897301358
2023-08-25,0.013058991380592834
2023-08-28,0.012613370154260364
2023-08-29,0.012360651057442846
2023-08-30,0.013411401795832638
2023-08-31,0.012983681138698633
2023-09-01,0.012560195307689868
2023-09-05,0.012188936846997128
2023-09-06,0.011839837087236911
2023-09-07,0.0120616149090334
2023-09-08,0.011856639390713842
2023-09-11,0.011492469792636913
2023-09-12,0.01129487701793764
2023-09-13,0.011028107278069299
2023-09-14,0.010773353423642485
2023-09-15,0.010794613311875097
2023-09-18,0.011741814664071702
2023-09-19,0.011384496824156525
2023-09-20,0.011130032453313404
2023-09-21,0.011773215546996028
2023-09-22,0.01233384348288447
2023-09-25,0.011936889923311511
2023-09-26,0.011763468462777418
2023-09-27,0.011926993795305924
2023-09-28,0.011727683597570765
2023-09-29,0.011523240104246718
2023-10-02,0.011255675766020448
2023-10-03,0.01130206219672874
2023-10-04,0.011918041079447628
2023-10-05,0.011602399924530191
2023-10-06,0.01126298583075189
2023-10-09,0.011399743966618508
2023-10-10,0.011154162046660619
2023-10-11,0.01084622549976636
2023-10-12,0.010574920751306362
2023-10-13,0.01034510989362081
2023-10-16,0.01026894278353852
2023-10-17,0.01019447731021337
2023-10-18,0.010271155924561263
2023-10-19,0.010929779527282937
2023-10-20,0.010932798623420455
2023-10-23,0.011758866206618875
2023-10-24,0.011466689615497058
2023-10-25,0.011195707444041587
2023-10-26,0.012661875969087188
2023-10-27,0.013827327783208441
2023-10-30,0.013330971516820724
2023-10-31,0.013156637093081498
2023-11-01,0.012703094726709059
2023-11-02,0.013014114306425888
2023-11-03,0.013577817323927639
2023-11-06,0.013217830975575617
2023-11-07,0.012794521761268874
2023-11-08,0.012389081563749316
2023-11-09,0.011991587723937335
2023-11-10,0.011694450412725078
2023-11-13,0.012349172715138192
2023-11-14,0.01195625749631591
2023-11-15,0.012203805085780915
2023-11-16,0.01189359828413502
2023-11-17,0.011544355653738434
2023-11-20,0.011201065714721807
2023-11-21,0.011094468684763598
2023-11-22,0.010842838924288483
2023-11-24,0.010599774509715469
2023-11-27,0.010469792575188576
2023-11-28,0.01021195911231683
2023-11-29,0.009973496808740611
2023-11-30,0.010013070951925213
2023-12-01,0.009939617771581552
2023-12-04,0.00974850556106316
2023-12-05,0.010262192243133383
2023-12-06,0.010125716225009872
2023-12-07,0.010453559788924158
2023-12-08,0.010728990710283458
2023-12-11,0.01064947635028858
2023-12-12,0.010896887139854676
2023-12-13,0.010673867732700616
2023-12-14,0.010495705717371948
2023-12-15,0.010245317415601463
2023-12-18,0.010037674454257937
2023-12-19,0.010157804634649945
2023-12-20,0.0099447189669207
2023-12-21,0.010721151903589804
2023-12-22,0.010769519393332084
2023-12-26,0.010498437162502164
2023-12-27,0.010251012331028314
2023-12-28,0.01000313438217957
2023-12-29,0.009831704732817853
2024-01-02,0.009704157337628718
2024-01-03,0.009764442238135017
2024-01-04,0.00969848997088139
2024-01-05,0.009565530318666632
2024-01-08,0.009412898260426955
2024-01-09,0.010559738109539727
2024-01-10,0.01029061926448243
2024-01-11,0.010318030112957368
2024-01-12,0.010066299363587447
2024-01-16,0.009871073388786258
2024-01-17,0.009657132004419616
2024-01-18,0.009597325561166941
2024-01-19,0.009645653641494209
2024-01-22,0.010259414030469094
2024-01-23,0.010012337700193155
2024-01-24,0.009841929001985066
2024-01-25,0.010027739347655593
2024-01-26,0.009801426566396876
2024-01-29,0.009595158301619508
2024-01-30,0.009844044646166717
2024-01-31,0.009627640337460046
2024-02-01,0.011533980330050748
2024-02-02,0.011456180893892583
2024-02-05,0.014431348460166355
2024-02-06,0.013946573418552356
2024-02-07,0.013464303127796664
2024-02-08,0.013546545600822656
2024-02-09,0.01306887838159156
2024-02-12,0.012940224656727485
2024-02-13,0.012532034566266432
2024-02-14,0.012547358137393027
2024-02-15,0.012479655512132015
2024-02-16,0.012077421840849418
2024-02-20,0.011833609117635398
2024-02-21,0.012399564242935444
2024-02-22,0.01205824206328015
2024-02-23,0.018600307142127615
2024-02-26,0.01783532539438932
2024-02-27,0.017127099573010656
2024-02-28,0.016442562631837833
2024-02-29,0.015960031271934426
2024-03-01,0.015510846610138624
2024-03-04,0.01533347573591043
2024-03-05,0.014740875614517616
2024-03-06,0.014294384602146225
2024-03-07,0.013993962444504082
2024-03-08,0.014688552305448847
2024-03-11,0.015145164967454414
2024-03-12,0.014726538344041638
2024-03-13,0.01603819694261618
2024-03-14,0.015463892609726497
2024-03-15,0.014995159947057525
2024-03-18,0.014528963857172075
2024-03-19,0.014298555126721816
2024-03-20,0.013849222169959095
2024-03-21,0.013559759564261597
2024-03-22,0.013082339041130413
2024-03-25,0.012883579756419274
2024-03-26,0.012454301639136547
2024-03-27,0.012398945122975876
2024-03-28,0.012060492472865749
2024-04-01,0.011690642229942707
2024-04-02,0.011350440847241355
2024-04-03,0.011253272712632297
2024-04-04,0.0109315626808069
2024-04-05,0.011440751509584415
2024-04-08,0.011836120225416398
2024-04-09,0.0115322272536715
2024-04-10,0.01126357208959617
2024-04-11,0.010950867301141006
2024-04-12,0.01158408282440114
2024-04-15,0.012726798817711433
2024-04-16,0.013278469767016653
2024-04-17,0.012832963092849916
2024-04-18,0.013046188000814371
2024-04-19,0.012602625133247128
2024-04-22,0.01558414989629759
2024-04-23,0.015437121424039784
2024-04-24,0.015541746319563909
2024-04-25,0.015060836545489393
2024-04-26,0.014489122694796233
2024-04-29,0.015489460565884483
2024-04-30,0.014886699519963312
2024-05-01,0.015255616196834845
2024-05-02,0.015073004744944812
2024-05-03,0.015115725054538447
2024-05-06,0.01523713491773244
2024-05-07,0.015374579718189264
2024-05-08,0.014890349686019431
2024-05-09,0.014325384571244024
2024-05-10,0.013799892407008319
2024-05-13,0.013308630779629653
2024-05-14,0.012844476951232017
2024-05-15,0.012580420119858264
2024-05-16,0.012889809698445798
2024-05-17,0.012501691878402705
2024-05-20,0.012117849842003682
2024-05-21,0.01173853327220013
2024-05-22,0.011459099707039195
2024-05-23,0.011342338897615463
2024-05-24,0.012174972174770513
2024-05-28,0.012292298012874854
2024-05-29,0.013606954776705767
2024-05-30,0.013172423318722488
2024-05-31,0.013883453951461042
2024-06-03,0.013395056442081743
2024-06-04,0.013548096517557371
2024-06-05,0.013077806452454297
2024-06-06,0.014116948631255361
2024-06-07,0.013637607752671088
2024-06-10,0.01320319037369918
2024-06-11,0.01278245729412759
2024-06-12,0.012354061572174599
2024-06-13,0.012564271908457885
2024-06-14,0.012500007233966175
2024-06-17,0.012139648390547313
2024-06-18,0.011756110123687347
2024-06-20,0.011671622834641723
2024-06-21,0.011820282369082639
2024-06-24,0.012127032449236234
2024-06-25,0.013224163304074166
2024-06-26,0.014932061944627957
2024-06-27,0.014409796580558075
2024-06-28,0.013917061540346696
2024-07-01,0.013504588843229954
2024-07-02,0.01316825269729032
2024-07-03,0.01272224438794578
2024-07-05,0.01319474011077201
2024-07-08,0.012739933635907363
2024-07-09,0.012332211969491517
2024-07-10,0.012138302386482468
2024-07-11,0.012446993253253642
2024-07-12,0.015276014288897416
2024-07-15,0.014713906541811999
2024-07-16,0.014170644404128754
2024-07-17,0.013686094824065029
2024-07-18,0.015622586247771996
2024-07-19,0.015035209761873168
2024-07-22,0.015100487147967925
2024-07-23,0.015521788385065668
2024-07-24,0.014995923728554182
2024-07-25,0.018691269359894312
2024-07-26,0.018116536318674256
2024-07-29,0.017462597478102925
2024-07-30,0.016782755758769554
2024-07-31,0.01730830052749683
2024-08-01,0.02076199176599683
2024-08-02,0.021526549558841538
2024-08-05,0.021203837194367706
2024-08-06,0.02360820604763767
2024-08-07,0.02292278500889193
2024-08-08,0.022458720454008693
2024-08-09,0.023126149128555828
2024-08-12,0.022088737955243958
2024-08-13,0.021371351281175465
2024-08-14,0.021942901886974925
2024-08-15,0.020997521303785616
2024-08-16,0.020953873756982717
2024-08-19,0.020042853244129723
2024-08-20,0.01987858309440066
2024-08-21,0.019350643923932452
2024-08-22,0.018524598104003184
2024-08-23,0.018563462808766792
2024-08-26,0.018691145679528533
2024-08-27,0.018076113882280743
2024-08-28,0.017318229066784804
2024-08-29,0.016998422769767537
2024-08-30,0.017294254518284993
2024-09-03,0.0167587859960752
2024-09-04,0.020608168768344415
2024-09-05,0.01984051419552386
2024-09-06,0.01899818405325994
2024-09-09,0.019918368986314734
2024-09-10,0.01960093803521552
2024-09-11,0.018751091996057897
2024-09-12,0.01984760046403674
2024-09-13,0.019267793406029604
2024-09-16,0.018436715218417336
2024-09-17,0.01775764736980727
2024-09-18,0.017021983402334916
2024-09-19,0.016448320598628153
2024-09-20,0.017350239520852306
2024-09-23,0.016782675616102923
2024-09-24,0.016116953869513985
2024-09-25,0.015839531568739774
2024-09-26,0.015255533925415994
2024-09-27,0.014681124075545886
2024-09-30,0.014186172850460914
2024-10-01,0.013707189567575006
2024-10-02,0.013965102494718716
2024-10-03,0.013498415056999698
2024-10-04,0.013293436970494532
2024-10-07,0.013423930121589076
2024-10-08,0.01297170054675339
2024-10-09,0.013136672133666207
2024-10-10,0.012683737780860618
2024-10-11,0.012336629690652747
2024-10-14,0.011938363253582149
2024-10-15,0.01195022535011733
2024-10-16,0.013850975735890683
2024-10-17,0.01363925004551605
2024-10-18,0.013154182038766274
2024-10-21,0.012733945275882386
2024-10-22,0.012914424175854325
2024-10-23,0.012484872692215866
2024-10-24,0.013350201268683753
2024-10-25,0.01307552211280026
2024-10-28,0.01271099638322434
2024-10-29,0.012315524695924953
2024-10-30,0.011931749171600394
2024-10-31,0.011666063354174723
2024-11-01,0.014462548899123828
2024-11-04,0.014060567628349105
2024-11-05,0.013555427122794445
2024-11-06,0.013809601922614677
2024-11-07,0.01707311157859725
2024-11-08,0.01676864174644451
2024-11-11,0.016098271477182954
2024-11-12,0.015501628917450383
2024-11-13,0.014942925259729678
2024-11-14,0.014461644191312193
2024-11-15,0.013990061822380457
2024-11-18,0.014753747262028579
2024-11-19,0.014199515174191091
2024-11-20,0.014486644191279619
2024-11-21,0.01396155191154955
2024-11-22,0.013469489592074245
2024-11-25,0.013448274518953578
2024-11-26,0.013607095179384611
2024-11-27,0.013173257778070662
2024-11-29,0.012931992985838369
2024-12-02,0.012816957491336788
2024-12-03,0.012488406131318604
2024-12-04,0.012162695024885546
2024-12-05,0.012265063216524881
2024-12-06,0.011885606346653461
2024-12-09,0.011598207346457471
2024-12-10,0.011644488254193452
2024-12-11,0.011394360271934799
2024-12-12,0.011986728939621953
2024-12-13,0.012028570200582416
2024-12-16,0.0120228717805999
2024-12-17,0.011663584364441789
2024-12-18,0.011426888077893226
2024-12-19,0.013190730528502342
2024-12-20,0.012751502513154522
2024-12-23,0.012734845930461198
2024-12-24,0.0132450964488048
2024-12-26,0.013057127908372695
2024-12-27,0.012649732779562361
2024-12-30,0.013129366032734431
2024-12-31,0.012859214923603215
2025-01-02,0.012945220052148036
2025-01-03,0.012587057110055639
2025-01-06,0.014000934039700834
2025-01-07,0.014400747323891983
2025-01-08,0.016224444315702666
2025-01-10,0.015600125630671962
2025-01-13,0.01575703383380598
2025-01-14,0.015169080431042608
2025-01-15,0.014742312446210857
2025-01-16,0.016184896892973023
2025-01-17,0.01637520451501628
2025-01-21,0.016450144567040973
2025-01-22,0.01596073816146761
2025-01-23,0.015955479216146342
2025-01-24,0.015339726659148355
2025-01-27,0.015235480988718453
2025-01-28,0.022774453204292864
2025-01-29,0.023704404659227088
2025-01-30,0.023109212521025463
2025-01-31,0.022073892478766847
2025-02-03,0.021463638720670985
2025-02-04,0.020979450737085494
2025-02-05,0.02041637873974012
2025-02-06,0.019588004524134162
2025-02-07,0.01894473733417039
2025-02-10,0.018242200272663912
2025-02-11,0.01770423888500097
2025-02-12,0.016995816502116064
2025-02-13,0.01647057977736903
2025-02-14,0.01649489657675045
2025-02-18,0.01598267374476893
2025-02-19,0.015372791033455336
2025-02-20,0.014775841649095133
2025-02-21,0.014273585794038333
2025-02-24,0.01609808430611177
2025-02-25,0.01621404175449178
2025-02-26,0.016641225101083058
2025-02-27,0.016153172517846835
2025-02-28,0.01890891471370608
2025-03-03,0.01916290189400196
2025-03-04,0.022349328583789733
2025-03-05,0.021349161036803448
2025-03-06,0.020527598122385984
2025-03-07,0.021123381838125184
2025-03-10,0.020252381153311527
2025-03-11,0.022425773698991923
2025-03-12,0.02141500595913604
2025-03-13,0.02160636845309064
2025-03-14,0.02105429830401135
2025-03-17,0.0221362586876764
2025-03-18,0.02123188558952346
2025-03-19,0.021149301524914507
2025-03-20,0.02056888493034373
2025-03-21,0.019671693823332052
2025-03-24,0.01884282980542308
2025-03-25,0.01923512860568502
2025-03-26,0.018433133119711006
2025-03-27,0.01931970826601061
2025-03-28,0.018750470897477233
2025-03-31,0.01908294741242578
2025-04-01,0.018278551904879512
2025-04-02,0.017700318576022472
2025-04-03,0.016979381675387695
2025-04-04,0.023872327881706346
2025-04-07,0.028809561184083256
2025-04-08,0.027567453056952438
2025-04-09,0.02651824370624445
2025-04-10,0.04337701575742034
2025-04-11,0.043266613596038235
2025-04-14,0.04163900419121119
2025-04-15,0.03961222967403749
2025-04-16,0.03767805359229265
2025-04-17,0.03733817142619921
2025-04-21,0.03618718789537986
2025-04-22,0.035729094899139724
2025-04-23,0.03462699413796707
2025-04-24,0.03365547563308673
2025-04-25,0.0327003452544912
2025-04-28,0.03167681851480261
2025-04-29,0.03025316455453476
2025-04-30,0.028812638944389943
2025-05-01,0.02753472037209586
2025-05-02,0.02673424387428559
2025-05-05,0.025821160984751627
2025-05-06,0.024763723846490605
2025-05-07,0.023702258710594937
2025-05-08,0.02266159663153227
2025-05-09,0.02172087086059379
2025-05-12,0.02075378738653652
2025-05-13,0.023278073633880153
2025-05-14,0.022793592387477205
2025-05-15,0.02234432999974648
2025-05-16,0.021494941911220054
2025-05-19,0.02055763843386923
2025-05-20,0.019658459397452546
2025-05-21,0.01892917890356959
2025-05-22,0.01866139706467855
2025-05-23,0.01788047699994719
2025-05-27,0.01742166207238607
2025-05-28,0.018019325637724765
2025-05-29,0.017364363710598286
2025-05-30,0.016978877843018325
2025-06-02,0.016722379781560836
2025-06-03,0.016210912329223347
2025-06-04,0.01575466599271
2025-06-05,0.015134196621324123
2025-06-06,0.015167044838978228
2025-06-09,0.015247843093446602
2025-06-10,0.014724686710277452
2025-06-11,0.01442790644312051
2025-06-12,0.013960087813690358
2025-06-13,0.013522386347002202
2025-06-16,0.013403329473107819
2025-06-17,0.013465505930612309
2025-06-18,0.013081216686091388
2025-06-20,0.012646620103087997
2025-06-23,0.012462720034467346
2025-06-24,0.012102774098970235
2025-06-25,0.011977630083828008
2025-06-26,0.012378319040131307
2025-06-27,0.012190511915319373
2025-06-30,0.01204469441212543
2025-07-01,0.011677908786027223
2025-07-02,0.012060700669818068
2025-07-03,0.012167809033243151
2025-07-07,0.012087410552355515
2025-07-08,0.01216361485844038
2025-07-09,0.011796231075125802
2025-07-10,0.011709778232829897
2025-07-11,0.011448036793685716
2025-07-14,0.0111237911924748
2025-07-15,0.010865720912103005
2025-07-16,0.011014315545549167
2025-07-17,0.010709242166609598
2025-07-18,0.010470916870742523
2025-07-21,0.010262245707315286
2025-07-22,0.010013445160574043
2025-07-23,0.010308033122778037
2025-07-24,0.010598793700710298
2025-07-25,0.010377995640671288
2025-07-28,0.010120514706388632
2025-07-29,0.01018889572018615
2025-07-30,0.01018361880643424
2025-07-31,0.010109437840513085
2025-08-01,0.009886007452036914
2025-08-04,0.012183087280296623
2025-08-05,0.0131286717981787
2025-08-06,0.012872443311303742
2025-08-07,0.012581682368894809
2025-08-08,0.012166599014138541
2025-08-11,0.012155611674759183
2025-08-12,0.011810797741295932
2025-08-13,0.011695974089781897
2025-08-14,0.011427389416083804
2025-08-15,0.0111031709255757
2025-08-18,0.010835579325517214
2025-08-19,0.010546804829734874
2025-08-20,0.011825118427376834
2025-08-21,0.011560342854448008
2025-08-22,0.011263755283118553
2025-08-25,0.012061985584738066
2025-08-26,0.011718348505224987
2025-08-27,0.011416970300574297
2025-08-28,0.01108273330904685
2025-08-29,0.010776727559926652
2025-09-02,0.011499172955912365
2025-09-03,0.011693907726496007
2025-09-04,0.01144442591619935
2025-09-05,0.01131940009052674
2025-09-08,0.01192939250099889
2025-09-09,0.011572685268526482
2025-09-10,0.011724921366730957
2025-09-11,0.011795333067735034
2025-09-12,0.011475751162403382
2025-09-15,0.011267042023642598
2025-09-16,0.011127598685658135
2025-09-17,0.010865332584353739
2025-09-18,0.010993317900288416
2025-09-19,0.01106439349771711
2025-09-22,0.010815025120144574
2025-09-23,0.011140290315014957
2025-09-24,0.011615320839494578
2025-09-25,0.011297997669756487
2025-09-26,0.011011376572963161
2025-09-29,0.010761264136960625
2025-09-30,0.010539262081194547
2025-10-01,0.01043053145098925
2025-10-02,0.010169702763260857
2025-10-03,0.009927945012595397
2025-10-06,0.009770241220147535
2025-10-07,0.009566336642032047
2025-10-08,0.009579378169772867
2025-10-09,0.009692346535293793
2025-10-10,0.009580825750842648
2025-10-13,0.014218937081785388
2025-10-14,0.014961413865958088
2025-10-15,0.01571346312084441
2025-10-16,0.015109496068991193
2025-10-17,0.014542606077812863
2025-10-20,0.014107811488145112
2025-10-21,0.013716368068750168
2025-10-22,0.013376305273106468
2025-10-23,0.012959005235538883
2025-10-24,0.012641213988355559
2025-10-27,0.012626269941469356
2025-10-28,0.013535060432747999
2025-10-29,0.01426412170287546
2025-10-30,0.0142561793197579
2025-10-31,0.015117653541565048
2025-11-03,0.014536702797628018
2025-11-04,0.014187269007156864
2025-11-05,0.01531194711744
2025-11-06,0.014771805964165375
2025-11-07,0.01547851825754412
2025-11-10,0.01488833329633897
2025-11-11,0.016888103415919543
2025-11-12,0.016500955690031342
2025-11-13,0.015884654827047436
2025-11-14,0.01700110731665873
2025-11-17,0.016349878071623684
2025-11-18,0.01597009138102855
2025-11-19,0.01612514292719184
2025-11-20,0.015777200843161778
2025-11-21,0.016193579653145246
2025-11-24,0.015545887557195121
2025-11-25,0.0159090958795048
2025-11-26,0.015356317620743767
2025-11-28,0.014861653472223353
2025-12-01,0.014310447883139883
2025-12-02,0.013788830533016605
2025-12-03,0.013315483810131338
2025-12-04,0.012853956945527488
2025-12-05,0.012632797612634764
2025-12-08,0.012227245219733136
2025-12-09,0.011836003933740298
2025-12-10,0.011517350277991955
2025-12-11,0.011176008777540413
2025-12-12,0.011060048925386184
2025-12-15,0.011623748465204501
2025-12-16,0.011276025443170506
2025-12-17,0.010951998522181481
2025-12-18,0.012271162752635695
2025-12-19,0.01231809977767367
2025-12-22,0.012737318664950825
2025-12-23,0.012528335592670551
2025-12-24,0.012791949543139183
2025-12-26,0.012366296407599111
2025-12-29,0.011966855222891669
2025-12-30,0.011843530702651402
2025-12-31,0.011493634547242624
2026-01-02,0.011329099005367079
2026-01-05,0.011028460416153423
2026-01-06,0.010812093349957318
2026-01-07,0.010714665745380485
2026-01-08,0.010433748813124007
2026-01-09,0.01023653066337058
2026-01-12,0.010011131934573545
2026-01-13,0.009819749416111441
2026-01-14,0.009639015154614005
2026-01-15,0.009849236400654661
2026-01-16,0.00976233847897246
2026-01-20,0.009602402791131604
2026-01-21,0.01267282305405514
2026-01-22,0.01310055911962691
2026-01-23,0.013007295885426665
2026-01-26,0.01272674477823848
2026-01-27,0.012301345899289145
2026-01-28,0.011911830344150741
2026-01-29,0.011664822143147284
2026-01-30,0.011374297200851985
2026-02-02,0.011148113796493234
2026-02-03,0.011424848045353994
2026-02-04,0.011571411914229859
2026-02-05,0.01216155483013253
2026-02-06,0.012621857197907918
2026-02-09,0.01506298191343402
2026-02-10,0.014958859908121241
2026-02-11,0.014541659087100044
2026-02-12,0.013997149568253044
2026-02-13,0.014720412818172546
2026-02-17,0.014718091516990167
2026-02-18,0.014170389030733296
2026-02-19,0.014000782936490099
2026-02-20,0.01350516405655101
2026-02-23,0.013173747515795874
2026-02-24,0.012808984801761578
2026-02-25,0.012403571751124904
2026-02-26,0.012448906869632303
2026-02-27,0.01407976039156174
2026-03-02,0.014511153960821952
2026-03-03,0.014271426444890498
2026-03-04,0.0140217341906183
2026-03-05,0.013669488429641411
2026-03-06,0.013202949695022082
2026-03-09,0.013855595297150526
2026-03-10,0.013803758786172696
2026-03-11,0.013313403802629709
2026-03-12,0.012933830494336543
2026-03-13,0.013164325598712182
2026-03-16,0.013065252311379807
2026-03-17,0.013059388703937126
2026-03-18,0.012611603526376134
2026-03-19,0.01259559070792009
2026-03-20,0.01241607811731629
2026-03-23,0.01330644623766589
2026-03-24,0.013244881076051769
2026-03-25,0.012850378152540833
2026-03-26,0.012552222458301026
2026-03-27,0.014525375529441118
2026-03-30,0.014844762044845923
2026-03-31,0.014369275287645217
2026-04-01,0.017367040268109455
2026-04-02,0.01664875787589769
2026-04-06,0.015974945078862473
2026-04-07,0.01537888325118106
2026-04-08,0.014806940083409681
2026-04-09,0.014754088930408547
2026-04-10,0.014326983433659712
2026-04-13,0.013928376342941801
2026-04-14,0.013520254016783589
2026-04-15,0.014295081304471928
2026-04-16,0.014111660009255199
2026-04-17,0.013601841972767946
2026-04-20,0.013297161744105031
2026-04-21,0.01285256645538974
2026-04-22,0.01258165172827422
2026-04-23,0.012597850393196879
2026-04-24,0.012622180959935574
2026-04-27,0.013364803016797407
2026-04-28,0.013690887373705673
2026-04-29,0.013293832952935512
2026-04-30,0.01297110578072235
2026-05-01,0.013241651045323767
2026-05-04,0.012785393847335489
2026-05-05,0.012371409129042244
2026-05-06,0.01198921721606342
2026-05-07,0.01338063299842148
2026-05-08,0.012964592921267403
2026-05-11,0.012658809932044745
2026-05-12,0.01237250125167575
2026-05-13,0.011984259406003
2026-05-14,0.012452732806961696
2026-05-15,0.012949786061353736
2026-05-18,0.013604711880415267
2026-05-19,0.013238883263913436
2026-05-20,0.013065972217222459
2026-05-21,0.012670455635723993
2026-05-22,0.012479384120762594
2026-05-26,0.01228934415586534
2026-05-27,0.011969765370636112
2026-05-28,0.01166032034723612
2026-05-29,0.011345012942378236
2026-06-01,0.011349073133514364
2026-06-02,0.012192792327618026
2026-06-03,0.012027217554890071
2026-06-04,0.012549980537300047
2026-06-05,0.012806532018840508
2026-06-08,0.016380553448547212
2026-06-09,0.015781381606477844
2026-06-10,0.015326648666441709
2026-06-11,0.016125044097947436
2026-06-12,0.015635430512847784
2026-06-15,0.015026651844247518
2026-06-16,0.0152844186626181
2026-06-17,0.014827040777326444
2026-06-18,0.015172556292194004
2026-06-22,0.014894052765006448
2026-06-23,0.014773815398688599
2026-06-24,0.015276234729101595
2026-06-25,0.014895926076858072
2026-06-26,0.014931767947447883
2026-06-29,0.014421353727346448
2026-06-30,0.014344607144489986
2026-07-01,0.014269047936393007
2026-07-02,0.013821927608384736
2026-07-06,0.01356943275940001
2026-07-07,0.013244067894070032
2026-07-08,0.012917823314745029
2026-07-09,0.012589452759858052
2026-07-10,0.012175755696294296
2026-07-13,0.01285381033167816
2026-07-14,0.013033245113030745
2026-07-15,0.013585102349057042
2026-07-16,0.013392885995213903
2026-07-17,0.013694187299626041
2026-07-20,0.013919903848452105
2026-07-21,0.013415615134923951
2026-07-22,0.013257158047049002
