date,gjr_garch_scaled_return
2021-01-04,0.0
2021-01-05,0.011136823582090147
2021-01-06,-0.0041652222891764516
2021-01-07,0.033674501687588926
2021-01-08,0.012909250560760562
2021-01-11,-0.015606284396968161
2021-01-12,0.003177978876184545
2021-01-13,0.006470006201978344
2021-01-14,-0.0077777229108149165
2021-01-15,-0.013971050899542306
2021-01-19,0.01583627395636227
2021-01-20,0.022985915660884197
2021-01-21,0.007854309303243413
2021-01-22,-0.002934386386255357
2021-01-25,0.00837448241703893
2021-01-26,-0.0009125293166102206
2021-01-27,-0.029102470852992772
2021-01-28,0.0004344893455738882
2021-01-29,-0.02197739554087668
2021-02-01,0.019733172044216592
2021-02-02,0.015308591506469271
2021-02-03,0.007832543436886073
2021-02-04,0.004378958051660919
2021-02-05,0.004581096111128326
2021-02-08,0.012283449879319962
2021-02-09,-0.003536099513487846
2021-02-10,9.103248315574076e-05
2021-02-11,0.00047635286549650946
2021-02-12,0.0015976075532849858
2021-02-16,0.005317618294568637
2021-02-17,0.0002533289904252104
2021-02-18,-0.006473401238951056
2021-02-19,-0.006399614244435571
2021-02-22,-0.018909696970145808
2021-02-23,0.00168260226280712
2021-02-24,0.015658502449596313
2021-02-25,-0.03979842830656093
2021-02-26,0.0006144042508562296
2021-03-01,0.022058606309162607
2021-03-02,-0.012477713691260401
2021-03-03,-0.013966165370085373
2021-03-04,-0.0032875038208992936
2021-03-05,0.012911080104268394
2021-03-08,-0.01929349490226763
2021-03-09,0.02535016961316347
2021-03-10,0.0022383305554440546
2021-03-11,0.014963830401036318
2021-03-12,-0.00353348038944844
2021-03-15,0.002555184998283619
2021-03-16,-0.001032056227417717
2021-03-17,0.00596829311405041
2021-03-18,-0.024043844036365756
2021-03-19,0.0036561217428817587
2021-03-22,0.006294442866394982
2021-03-23,-0.0031409773809451132
2021-03-24,-0.009455819522352324
2021-03-25,-0.0014405029192292675
2021-03-26,0.008894545680855495
2021-03-29,0.002016613503793128
2021-03-30,-0.003156536041818166
2021-03-31,0.011004564460123933
2021-04-01,0.0165481610111019
2021-04-05,0.020229623553296917
2021-04-06,-0.005577926027982579
2021-04-07,0.010274131617243264
2021-04-08,0.006257623404485429
2021-04-09,0.01024323995347878
2021-04-12,0.005616127992884209
2021-04-13,0.015262946564504578
2021-04-14,-0.014609981056263174
2021-04-15,0.021004426917718595
2021-04-16,-0.00098492527020488
2021-04-19,-0.01152194303036097
2021-04-20,-0.00772912522334997
2021-04-21,0.009996000808567253
2021-04-22,-0.02018418697181419
2021-04-23,0.015998968256174428
2021-04-26,0.0055256069782506365
2021-04-27,-0.0038005886698820168
2021-04-28,0.005026522055799986
2021-04-29,0.01369574824403808
2021-04-30,-0.009640993203464053
2021-05-03,-0.002448524544669731
2021-05-04,-0.012504578806245408
2021-05-05,0.004125280025012671
2021-05-06,0.011002995487620206
2021-05-07,0.008559941277915754
2021-05-10,-0.025630675657998793
2021-05-11,-0.010280789271556715
2021-05-12,-0.0196495504339908
2021-05-13,0.00435002029126182
2021-05-14,0.02053751844082927
2021-05-17,0.0008052192753100113
2021-05-18,-0.011230554300808082
2021-05-19,-0.0036283501261819007
2021-05-20,0.012233812989217906
2021-05-21,-0.00040655138328692016
2021-05-24,0.02001957121423883
2021-05-25,-0.0018554295239721955
2021-05-26,0.0046769044663576365
2021-05-27,-0.0014291157531546089
2021-05-28,0.0017389908084761143
2021-06-01,0.005146158468322677
2021-06-02,0.0027304705065330772
2021-06-03,-0.007692136353361399
2021-06-04,0.01777321416117393
2021-06-07,0.00198329325322257
2021-06-08,0.002067301721385907
2021-06-09,-0.001427013409106525
2021-06-10,0.0062544329414280335
2021-06-11,0.0009773175983083277
2021-06-14,0.008948258921644437
2021-06-15,-0.0031410458100199416
2021-06-16,-0.0017346732551977821
2021-06-17,0.008571416921072234
2021-06-18,-0.016330312722785997
2021-06-21,0.013425736443953716
2021-06-22,0.014998434201391428
2021-06-23,0.007164536146223812
2021-06-24,0.007638112321050486
2021-06-25,-0.0024174780030451876
2021-06-28,0.015652805564807092
2021-06-29,-0.002170294474768157
2021-06-30,0.0009404625400407684
2021-07-01,0.008394489923095739
2021-07-02,0.015480410593617154
2021-07-06,-0.0002585710603934284
2021-07-07,-0.0036161011726265173
2021-07-08,-0.01160022416447036
2021-07-09,0.013521616803066266
2021-07-12,0.013132851961718598
2021-07-13,-0.005349008608733985
2021-07-14,-0.007685883637327388
2021-07-15,-0.012847868785748862
2021-07-16,-0.01909599507546359
2021-07-19,-0.01533945871252752
2021-07-20,0.011916673769164011
2021-07-21,0.014765124046378779
2021-07-22,0.00487970911364305
2021-07-23,0.013452341114874535
2021-07-26,0.006140009769176364
2021-07-27,-0.012216369257662495
2021-07-28,0.006744831073425623
2021-07-29,0.002553501784754123
2021-07-30,-0.014293093387216745
2021-08-02,0.003405121653766434
2021-08-03,0.008589132739620451
2021-08-04,0.00014123449712097794
2021-08-05,0.007230686672161468
2021-08-06,0.0001526676880286672
2021-08-09,-0.001495580246492511
2021-08-10,-0.0011989121457848257
2021-08-11,-0.0028253870756817278
2021-08-12,0.009450544075889336
2021-08-13,0.0017252138456030205
2021-08-16,-0.0024591441873566934
2021-08-17,-0.01663762475843094
2021-08-18,-0.012506320486591702
2021-08-19,0.003928510137234264
2021-08-20,0.017242021622997393
2021-08-23,0.02471049424349676
2021-08-24,0.0027180938177300243
2021-08-25,0.005748248001247565
2021-08-26,-0.008045047355625596
2021-08-27,0.017712980750749136
2021-08-30,0.010137239633096247
2021-08-31,-0.004720015680957872
2021-09-01,0.0007788073529010875
2021-09-02,0.0004813866054539229
2021-09-03,0.003912171526767838
2021-09-07,0.005093326494877055
2021-09-08,-0.00921989075852148
2021-09-09,-0.004192860767728615
2021-09-10,-0.01276708363848116
2021-09-13,0.008260144895372022
2021-09-14,-0.003621978052802849
2021-09-15,0.014078987815763685
2021-09-16,-0.0032021674680574063
2021-09-17,-0.014999183076923613
2021-09-20,-0.03151001466658196
2021-09-21,0.0024013092109995385
2021-09-22,0.009856092197154873
2021-09-23,0.013405467525601856
2021-09-24,0.004906392367560003
2021-09-27,0.000621810865975681
2021-09-28,-0.025786830274356385
2021-09-29,-0.001505455309702323
2021-09-30,-0.007071348134811501
2021-10-01,0.012708289910617718
2021-10-04,-0.018102678384022904
2021-10-05,0.01336169220626371
2021-10-06,0.00411950193633023
2021-10-07,0.008642862044687042
2021-10-08,0.0016749658565312477
2021-10-11,-0.007610847414737424
2021-10-12,-0.00438594204194657
2021-10-13,0.0021670904778469725
2021-10-14,0.022256148661229963
2021-10-15,0.011611162387599397
2021-10-18,0.012210118330131085
2021-10-19,0.00667455247173863
2021-10-20,0.001955481931973035
2021-10-21,0.008078843834866175
2021-10-22,-0.0075370357916256635
2021-10-25,0.019357571492870984
2021-10-26,0.015118901843830952
2021-10-27,0.005270521950202441
2021-10-28,0.016789798731995577
2021-10-29,0.013759678350835086
2021-11-01,0.008792578094583493
2021-11-02,0.0010977212919297495
2021-11-03,0.012074055480424374
2021-11-04,0.03072467971237821
2021-11-05,0.0035238589146284207
2021-11-08,0.0024056421532959445
2021-11-09,-0.016800992613260637
2021-11-10,-0.0185860034768047
2021-11-11,0.004933752432127275
2021-11-12,0.00633031118091663
2021-11-15,-0.003343636220738984
2021-11-16,0.005870664300766957
2021-11-17,-0.002930083522657099
2021-11-18,0.022640837651156428
2021-11-19,0.0061361614350599015
2021-11-22,-0.00847117777428242
2021-11-23,-0.00041905908263686485
2021-11-24,0.009447787337232973
2021-11-26,-0.037932031205780294
2021-11-29,0.02388184035079354
2021-11-30,-0.014057730397061798
2021-12-01,-0.01544610106062524
2021-12-02,0.006702404176403136
2021-12-03,-0.018162122643783248
2021-12-06,0.006248554424197592
2021-12-07,0.026784137839013678
2021-12-08,0.0027895928157252834
2021-12-09,-0.012354444208235175
2021-12-10,0.005110328819368863
2021-12-13,-0.020425638312776512
2021-12-14,-0.004122475594566033
2021-12-15,0.020459062110321495
2021-12-16,-0.021698638066461096
2021-12-17,-0.008142105011667618
2021-12-20,-0.009647757011741578
2021-12-21,0.018533654321143556
2021-12-22,0.012309718306809813
2021-12-23,0.00778245024081689
2021-12-27,0.016207098212303178
2021-12-28,-0.0038628911356008277
2021-12-29,-0.003073660965293038
2021-12-30,-0.005553691864584311
2021-12-31,-0.006570996695526467
2022-01-03,0.025194035294274997
2022-01-04,-0.008348905719402114
2022-01-05,-0.029394322611819627
2022-01-06,-0.00014114066225083527
2022-01-07,-0.007587987201923555
2022-01-10,0.0035085832090997263
2022-01-11,0.012144685530328094
2022-01-12,0.007029254957120976
2022-01-13,-0.024897090613375916
2022-01-14,0.0036991480893694053
2022-01-18,-0.017290975274833132
2022-01-19,-0.00868752414288465
2022-01-20,-0.008087463163225036
2022-01-21,-0.019412795578452047
2022-01-24,0.0015672270213336152
2022-01-25,-0.010194983658802524
2022-01-26,0.004805968096751867
2022-01-27,-0.00994028696607722
2022-01-28,0.018806144169140664
2022-01-31,0.024602718170371744
2022-02-01,0.010161571394801353
2022-02-02,0.010806500120176483
2022-02-03,-0.037841145583973425
2022-02-04,0.011474693936383873
2022-02-07,-0.003474051871064991
2022-02-08,0.004297138552164653
2022-02-09,0.012032311344360532
2022-02-10,-0.014462598096123349
2022-02-11,-0.0176849326328738
2022-02-14,0.0005623629844322007
2022-02-15,0.015351391549490721
2022-02-16,0.001073040716959694
2022-02-17,-0.023023387713318993
2022-02-18,-0.008268373869146693
2022-02-22,-0.007788688583059279
2022-02-23,-0.01520413744676737
2022-02-24,0.01408459906676522
2022-02-25,0.012112038315152071
2022-02-28,0.0039351201028490325
2022-03-01,-0.009413520462718277
2022-03-02,0.012308012506881216
2022-03-03,-0.00837129431221101
2022-03-04,-0.004181435888611847
2022-03-07,-0.022498415022137643
2022-03-08,-0.0004244740114247849
2022-03-09,0.017335625646906026
2022-03-10,-0.0004899652378469903
2022-03-11,-0.015252812726508566
2022-03-14,-0.014459129807791725
2022-03-15,0.014437001178411972
2022-03-16,0.021486451443258947
2022-03-17,0.011577167668596873
2022-03-18,0.016348744625334474
2022-03-21,0.00685306224584261
2022-03-22,0.012972136877542421
2022-03-23,-0.00627899536585849
2022-03-24,0.022254620169458655
2022-03-25,0.0021960806712215063
2022-03-28,0.009509124913332502
2022-03-29,0.0072855377662901675
2022-03-30,-0.004620739626368849
2022-03-31,-0.01852047728725276
2022-04-01,0.00043294010380322755
2022-04-04,0.01833499296769523
2022-04-05,-0.019018636925021263
2022-04-06,-0.01909030907033701
2022-04-07,0.0024677254806594437
2022-04-08,-0.007098353682001261
2022-04-11,-0.02622451441248135
2022-04-12,-0.0008799627343578127
2022-04-13,0.011090445911312351
2022-04-14,-0.014278202305161644
2022-04-18,0.006448959583542004
2022-04-19,0.010844727301023385
2022-04-20,-0.010990224259874053
2022-04-21,-0.014605690822269736
2022-04-22,-0.018875731978866047
2022-04-25,0.0028139483688057903
2022-04-26,-0.027374307854128394
2022-04-27,0.00018906876013800937
2022-04-28,0.023259678946404166
2022-04-29,-0.02495755414616673
2022-05-02,0.009946970261030353
2022-05-03,0.0036707111867189768
2022-05-04,0.02033537530183029
2022-05-05,-0.02825246935571787
2022-05-06,-0.0006529550949534449
2022-05-09,-0.026596690747544064
2022-05-10,0.004557736746946229
2022-05-11,-0.010756927995560508
2022-05-12,-0.003678467165652263
2022-05-13,0.016839085849150254
2022-05-16,-0.0029321931480383746
2022-05-17,0.012691529801799422
2022-05-18,-0.023044192033376387
2022-05-19,-0.0007118094901812169
2022-05-20,-0.002867917694802103
2022-05-23,0.011911092789337519
2022-05-24,-0.010547812489485144
2022-05-25,0.008891055493817166
2022-05-26,0.013269311578175689
2022-05-27,0.017074128524086046
2022-05-31,-0.0021492973669169375
2022-06-01,-0.0020144016952213938
2022-06-02,0.014928728917132261
2022-06-03,-0.01642166853239967
2022-06-06,0.003941877527847559
2022-06-07,0.009899977425311238
2022-06-08,-0.0014512613353337782
2022-06-09,-0.017959704420477604
2022-06-10,-0.023003893003432387
2022-06-13,-0.027902400922133093
2022-06-14,0.0005505311977884234
2022-06-15,0.009951643770324781
2022-06-16,-0.01977024106072829
2022-06-17,-0.0021697530567995806
2022-06-21,0.02098249916695158
2022-06-22,-0.004457730318929257
2022-06-23,0.0011962375048489703
2022-06-24,0.01776258527759483
2022-06-27,-0.00030865399226198003
2022-06-28,-0.01185755363889487
2022-06-29,-0.0036623031469533375
2022-06-30,-0.012294699173536677
2022-07-01,0.004201774975397524
2022-07-05,0.004931890111747733
2022-07-06,0.002437384873984682
2022-07-07,0.01802862174630401
2022-07-08,0.002144674655227094
2022-07-11,-0.01717804085870041
2022-07-12,-0.007272137820285652
2022-07-13,-0.002779565385464866
2022-07-14,-0.0033460246275526353
2022-07-15,0.01831409943100545
2022-07-18,-0.001871425116140743
2022-07-19,0.026229795846254806
2022-07-20,0.00973650640185853
2022-07-21,0.010066177258407243
2022-07-22,-0.018196286726615482
2022-07-25,0.0018069483513713984
2022-07-26,-0.016424390059064934
2022-07-27,0.035060965644319195
2022-07-28,0.007501525604073603
2022-07-29,0.02440776882745928
2022-08-01,-0.007129482832452635
2022-08-02,-0.002472829667203976
2022-08-03,0.013317604306879048
2022-08-04,-0.005219505834152176
2022-08-05,-0.005555278616565465
2022-08-08,-0.006984381026497705
2022-08-09,-0.0034381399266673078
2022-08-10,0.027072002692733986
2022-08-11,-0.0012718031996701703
2022-08-12,0.024351812852742655
2022-08-15,0.0035917926865081445
2022-08-16,-0.0030398310109132367
2022-08-17,-0.008177476557293999
2022-08-18,0.006712587062846281
2022-08-19,-0.021289322848158067
2022-08-22,-0.021078460548295475
2022-08-23,0.006237555266123277
2022-08-24,0.0022575240743027076
2022-08-25,0.01539178795466369
2022-08-26,-0.03717499794962669
2022-08-29,-0.002574395391145914
2022-08-30,-0.012778271507469926
2022-08-31,-0.005148473153732542
2022-09-01,-0.004266497740917766
2022-09-02,-0.006888624318116797
2022-09-06,-0.003716526202597433
2022-09-07,0.010173350407650824
2022-09-08,0.0059396074316532856
2022-09-09,0.01633102967621905
2022-09-12,0.011689084824060435
2022-09-13,-0.04521033660084363
2022-09-14,0.005435218792391901
2022-09-15,-0.006491456788419998
2022-09-16,-0.0041820773023702965
2022-09-19,0.005212716150819563
2022-09-20,-0.005163647310730174
2022-09-21,-0.012739918573056282
2022-09-22,-0.005732171570508319
2022-09-23,-0.01707257956073404
2022-09-26,-0.006311506021673738
2022-09-27,0.003707081267110996
2022-09-28,0.014740272563434943
2022-09-29,-0.01821982732073909
2022-09-30,-0.009702302615428766
2022-10-03,0.014435282894867401
2022-10-04,0.022175315757188035
2022-10-05,0.003901989079051605
2022-10-06,-0.0002697884705205445
2022-10-07,-0.02715025354243675
2022-10-10,-0.008230060209212417
2022-10-11,-0.008100517365271976
2022-10-12,0.0013656476590587
2022-10-13,0.01949394229218685
2022-10-14,-0.018988114033305106
2022-10-17,0.022618984011514725
2022-10-18,0.0043850807242487855
2022-10-19,0.0023621745876446095
2022-10-20,-0.0033562816917054234
2022-10-21,0.018150459653092844
2022-10-24,0.006548056801750373
2022-10-25,0.011551583685930842
2022-10-26,-0.017184816744986096
2022-10-27,-0.013186102596420208
2022-10-28,0.02053537742458185
2022-10-31,-0.00665701937423985
2022-11-01,-0.0056228215660546685
2022-11-02,-0.022510660184049555
2022-11-03,-0.004993400605790106
2022-11-04,0.009790971922818262
2022-11-07,0.0068486269819575665
2022-11-08,0.002853452832498295
2022-11-09,-0.026765562585099267
2022-11-10,0.039124791153056435
2022-11-11,0.011285797318371756
2022-11-14,-0.006293408204345566
2022-11-15,0.005162626064997966
2022-11-16,-0.007816785751401673
2022-11-17,-0.002243678661819643
2022-11-18,-0.0010423367947363744
2022-11-21,-0.013458622123803629
2022-11-22,0.016436986340888506
2022-11-23,0.010527748504086935
2022-11-25,-0.0034432416504246704
2022-11-28,-0.01758303234386689
2022-11-29,-0.0030985063780338213
2022-11-30,0.03532977891757142
2022-12-01,-0.003116604838363439
2022-12-02,-0.004137240633936002
2022-12-05,-0.019037705150667356
2022-12-06,-0.01754463364942116
2022-12-07,-0.0033860294658336174
2022-12-08,0.010481378815909081
2022-12-09,-0.005130206849803233
2022-12-12,0.011496876829751639
2022-12-13,0.007868111646532427
2022-12-14,-0.007262076629500092
2022-12-15,-0.024197913358617897
2022-12-16,-0.00875258201802492
2022-12-19,-0.006830270658302534
2022-12-20,-0.00019952029899902637
2022-12-21,0.01177786394134966
2022-12-22,-0.023074622182163128
2022-12-23,0.006621585450454555
2022-12-27,-0.010482406425248957
2022-12-28,-0.007725306796217257
2022-12-29,0.015909558107447996
2022-12-30,0.0026248247233169766
2023-01-03,-0.0153557430225501
2023-01-04,-0.0008535236823457752
2023-01-05,-0.00784245511848889
2023-01-06,0.015137458409099592
2023-01-09,0.004146806370938997
2023-01-10,0.008171189394744231
2023-01-11,0.016850927714529253
2023-01-12,0.009539404054227723
2023-01-13,0.006542317812676954
2023-01-17,0.003963468596301556
2023-01-18,-0.017450343346131526
2023-01-19,-0.0016885191929661293
2023-01-20,0.026914562593506854
2023-01-23,0.018359382602078804
2023-01-24,0.003165819889065544
2023-01-25,-0.0036824670969465654
2023-01-26,0.03038680703353289
2023-01-27,0.010236977287902073
2023-01-30,-0.027772711759594077
2023-01-31,0.018198307658803477
2023-02-01,0.013200700428127531
2023-02-02,0.02077565756375656
2023-02-03,-0.00771569806153396
2023-02-06,-0.002325720138744583
2023-02-07,0.027478078785154948
2023-02-08,-0.01281821267613069
2023-02-09,-0.00545526193805453
2023-02-10,0.0008772493653693903
2023-02-13,0.010369096298548092
2023-02-14,0.009296768542941624
2023-02-15,0.0024430060169013416
2023-02-16,-0.021117723231429464
2023-02-17,-0.011349631918419879
2023-02-21,-0.01922274624709604
2023-02-22,-0.0022460575431893083
2023-02-23,0.020427902142192075
2023-02-24,-0.01077645687307432
2023-02-27,0.006004257631894592
2023-02-28,-0.0029992485566013908
2023-03-01,-0.006120945536199914
2023-03-02,0.004404006227132509
2023-03-03,0.02148098763353554
2023-03-06,0.0017729357356918237
2023-03-07,-0.017055452847312916
2023-03-08,6.814518381715673e-05
2023-03-09,-0.021016481732980978
2023-03-10,-0.008610168822598237
2023-03-13,0.0016070705659439117
2023-03-14,0.022720023662729516
2023-03-15,-0.009003865316973114
2023-03-16,0.02335931636891301
2023-03-17,-0.007642413288812348
2023-03-20,0.008387013546629222
2023-03-21,0.026622539506165836
2023-03-22,-0.01332152958373477
2023-03-23,0.006412730105967136
2023-03-24,-0.0007109680112626353
2023-03-27,0.0010674339659732391
2023-03-28,-0.003985600491730074
2023-03-29,0.015554415044615187
2023-03-30,0.008505508191422656
2023-03-31,0.01727213552497949
2023-04-03,0.01805538956540634
2023-04-04,-0.006945798936950445
2023-04-05,-0.002783906094644655
2023-04-06,0.006855204349259091
2023-04-10,-0.0019900116569638456
2023-04-11,-0.004402538867340398
2023-04-12,-0.0094831025678208
2023-04-13,0.01899610035194542
2023-04-14,0.006199045920725239
2023-04-17,-0.004413872986218378
2023-04-18,0.008763392487366128
2023-04-19,-0.004698236343282319
2023-04-20,-0.01678236431414422
2023-04-21,0.0010964880095860772
2023-04-24,0.00389930251559068
2023-04-25,-0.021512840603104263
2023-04-26,0.005038740336312319
2023-04-27,0.031066328534983367
2023-04-28,0.008813330126500292
2023-05-01,-0.000402683331876113
2023-05-02,-0.020339500475487406
2023-05-03,-0.010811339096709146
2023-05-04,-0.008547153238035404
2023-05-05,0.025000853268853686
2023-05-08,0.005264046828254219
2023-05-09,-0.006634300543254051
2023-05-10,0.00727556402507808
2023-05-11,7.032878177012938e-05
2023-05-12,-0.005285832794358266
2023-05-15,0.004368794086078001
2023-05-16,-0.0014982240332082409
2023-05-17,0.023463372778075555
2023-05-18,0.02042275196588336
2023-05-19,-0.0022271868498636408
2023-05-22,0.002101623988673582
2023-05-23,-0.009703986083416927
2023-05-24,-9.362484001830739e-05
2023-05-25,0.053804590452862844
2023-05-26,0.020936114550613182
2023-05-30,0.008861446190105935
2023-05-31,-0.019615255174315453
2023-06-01,0.024935653221136802
2023-06-02,0.010780228017306985
2023-06-05,-0.0012590026902056352
2023-06-06,-0.0017038232455630288
2023-06-07,-0.015596402066879707
2023-06-08,0.013963050014058865
2023-06-09,0.0043698918884665545
2023-06-12,0.011790239858245009
2023-06-13,0.013403708789387936
2023-06-14,0.002739353638022692
2023-06-15,0.011695215910275747
2023-06-16,-0.006939717438564837
2023-06-20,0.007488678616266984
2023-06-21,-0.01166300314587823
2023-06-22,0.009075423722633027
2023-06-23,-0.012391965081951577
2023-06-26,-0.01995354234555962
2023-06-27,0.01656332693078636
2023-06-28,-0.0006946892483320203
2023-06-29,0.0021311972640443637
2023-06-30,0.020046893382706526
2023-07-03,0.0046590065880335926
2023-07-05,0.0004473537547454759
2023-07-06,-0.014199854524900444
2023-07-07,-0.0011900708206946623
2023-07-10,-0.005245729895844274
2023-07-11,0.007696781920233601
2023-07-12,0.016519748277470128
2023-07-13,0.019479836116409112
2023-07-14,-0.0006877004316045848
2023-07-17,0.01430334943504626
2023-07-18,0.014012635827269481
2023-07-19,-0.000379362318864103
2023-07-20,-0.026778236803622568
2023-07-21,-0.009011012322302633
2023-07-24,0.009620590930871937
2023-07-25,0.007974334111219505
2023-07-26,-0.00013194152351302818
2023-07-27,-0.0005241617584335306
2023-07-28,0.01712385658017177
2023-07-31,0.005885269201709496
2023-08-01,-0.006206243265667445
2023-08-02,-0.02912822001292977
2023-08-03,0.004832022804841522
2023-08-04,-0.0014046473316486098
2023-08-07,0.008199084870364713
2023-08-08,-0.007110468783074847
2023-08-09,-0.0165081516733071
2023-08-10,0.0015199622093107477
2023-08-11,-0.0052864104908737965
2023-08-14,0.018668647808019745
2023-08-15,-0.013494021829890249
2023-08-16,-0.011913988286036167
2023-08-17,-0.005123500279953642
2023-08-18,0.0002398868047076962
2023-08-21,0.024464401347720047
2023-08-22,-0.008787172238907712
2023-08-23,0.013981605232492363
2023-08-24,-0.012932895335485669
2023-08-25,0.002350361108276623
2023-08-28,0.009197345405629557
2023-08-29,0.025328063026482113
2023-08-30,0.005888355654293571
2023-08-31,-0.001199941604049405
2023-09-01,-0.0026003937015506746
2023-09-05,0.005870716402958504
2023-09-06,-0.014496225868839033
2023-09-07,-0.006659338485002715
2023-09-08,0.0009521772233700281
2023-09-11,0.009203172742672822
2023-09-12,-0.0031514878937610453
2023-09-13,0.006343385743364934
2023-09-14,0.013208274775365009
2023-09-15,-0.021975198711311136
2023-09-18,0.0017038091459581832
2023-09-19,-0.0036278100140473366
2023-09-20,-0.017261332524185227
2023-09-21,-0.015852358960763792
2023-09-22,0.000709717893949189
2023-09-25,0.009105528539279333
2023-09-26,-0.011364837299964004
2023-09-27,0.008595679043836535
2023-09-28,0.008379568270835514
2023-09-29,-0.003375389587203991
2023-10-02,0.012683991896137828
2023-10-03,-0.01690669152750787
2023-10-04,0.005570826220558928
2023-10-05,-8.660098009651505e-05
2023-10-06,0.013983715712949757
2023-10-09,0.007156225151687184
2023-10-10,0.0032812968529049536
2023-10-11,0.004506760397792078
2023-10-12,-0.002294757046363279
2023-10-13,-0.0065584226468584205
2023-10-16,0.009929473305640207
2023-10-17,-0.009506503416649655
2023-10-18,-0.017174144472951527
2023-10-19,-0.00848276269739083
2023-10-20,-0.018077609981843202
2023-10-23,0.005805791493277933
2023-10-24,0.005949618260254535
2023-10-25,-0.022918285849983587
2023-10-26,-0.019451130051544807
2023-10-27,0.0004840987247690724
2023-10-30,0.009517512155406041
2023-10-31,0.0008350478660754809
2023-11-01,0.015274420001029335
2023-11-02,0.018571051017116817
2023-11-03,0.007613148414180897
2023-11-06,0.00483066079441851
2023-11-07,0.004365710078652162
2023-11-08,0.0028364172792571785
2023-11-09,-0.003683483426461309
2023-11-10,0.021049020540710332
2023-11-13,0.003285776911605405
2023-11-14,0.017749382665215765
2023-11-15,-0.00414562266664275
2023-11-16,0.004595721070648017
2023-11-17,0.0019692723353635414
2023-11-20,0.011551779487864835
2023-11-21,-0.003348153650880348
2023-11-22,-0.0028679887808585065
2023-11-24,-0.006223507076468036
2023-11-27,0.00014363645999475788
2023-11-28,0.0036213754966360175
2023-11-29,-0.00907990195728843
2023-11-30,-0.006331586552123399
2023-12-01,-0.0018431393940370052
2023-12-04,-0.015936036141635065
2023-12-05,0.00825652274508011
2023-12-06,-0.013214658391107418
2023-12-07,0.015744451147782296
2023-12-08,0.010627506262160422
2023-12-11,-0.012869418204907355
2023-12-12,0.006884683229398962
2023-12-13,0.007934036791576048
2023-12-14,0.004267939110048015
2023-12-15,0.005773687799349129
2023-12-18,0.01384765587696104
2023-12-19,0.005294650189887265
2023-12-20,-0.019351800068055397
2023-12-21,0.012681797164114921
2023-12-22,-0.0007454940315536441
2023-12-26,0.004482825763737479
2023-12-27,0.0020189176230431378
2023-12-28,-0.002971365245887562
2023-12-29,-0.004111789992776925
2024-01-02,-0.00854963380775793
2024-01-03,-0.005702488555386422
2024-01-04,-0.0034677123752173897
2024-01-05,0.005879132135002442
2024-01-08,0.02568765290751189
2024-01-09,0.002931817860470678
2024-01-10,0.013352854528650381
2024-01-11,0.0011469090794301515
2024-01-12,-0.002307867355828067
2024-01-16,0.0005181455096589636
2024-01-17,-0.00623012366931832
2024-01-18,0.012744673586173481
2024-01-19,0.02217198170213618
2024-01-22,0.0011475214287811242
2024-01-23,0.007605409504666905
2024-01-24,0.016655425207899123
2024-01-25,0.000558431644014025
2024-01-26,0.0002186747539887735
2024-01-29,0.017649892448765397
2024-01-30,0.0019802947192018834
2024-01-31,-0.033471446510007906
2024-02-01,0.01114820205817154
2024-02-02,0.03854230411143024
2024-02-05,0.006647159778241901
2024-02-06,-0.0016823097504762292
2024-02-07,0.018261432182232595
2024-02-08,0.0006694170592990888
2024-02-09,0.014621747454108906
2024-02-12,-0.0022192845103496126
2024-02-13,-0.013158389534196652
2024-02-14,0.014513177683887294
2024-02-15,0.003550682537455032
2024-02-16,-0.0063331265429191815
2024-02-20,-0.01952116147402575
2024-02-21,-0.0032656337637175566
2024-02-22,0.060663461000599724
2024-02-23,-0.002417455181414388
2024-02-26,-0.0031717604579009732
2024-02-27,-0.001749866081865656
2024-02-28,-0.008743480627526919
2024-02-29,0.012046627314748419
2024-03-01,0.017669231656364085
2024-03-04,0.0007501839865178027
2024-03-05,-0.006294345874630968
2024-03-06,0.013346456117812495
2024-03-07,0.028964910538912727
2024-03-08,-0.023812518737813225
2024-03-11,-0.007066711694046084
2024-03-12,0.03129846002663166
2024-03-13,-0.004061223529492941
2024-03-14,-0.0065699902923935195
2024-03-15,-0.005593936756004689
2024-03-18,0.014025853033910353
2024-03-19,0.008013903177665978
2024-03-20,0.012088887198666473
2024-03-21,0.003138388268694616
2024-03-22,0.013263178124502664
2024-03-25,-2.411705357406933e-05
2024-03-26,-0.011839393208126138
2024-03-27,-0.0037727200215251426
2024-03-28,-0.0003434764720296471
2024-04-01,0.0044037365521165895
2024-04-02,-0.0087505443058954
2024-04-03,0.0012528871238543992
2024-04-04,-0.017803884978719015
2024-04-05,0.018866326661023912
2024-04-08,-0.0033134311145663242
2024-04-09,-0.0038451351909433626
2024-04-10,0.0038856598868562647
2024-04-11,0.02225535441411649
2024-04-12,-0.025468674527686277
2024-04-15,-0.017222018931773754
2024-04-16,0.0036480264305982697
2024-04-17,-0.012955859587075798
2024-04-18,0.0023665078945196666
2024-04-19,-0.032810664658067486
2024-04-22,0.010997568653940025
2024-04-23,0.013863017527981593
2024-04-24,-0.004424840892667178
2024-04-25,-7.250261060880098e-06
2024-04-26,0.02181036736662427
2024-04-29,0.0019432497145882455
2024-04-30,-0.01593160705715811
2024-05-01,-0.009440653321942463
2024-05-02,0.01434203503813847
2024-05-03,0.01577427353693098
2024-05-06,0.01665297696638083
2024-05-07,-0.004843627213199679
2024-05-08,0.0006362978105142269
2024-05-09,9.185000491796162e-05
2024-05-10,0.0028864703172013315
2024-05-13,0.0018198016244583277
2024-05-14,0.009605562883468161
2024-05-15,0.018704793200737493
2024-05-16,-0.0028545871081607677
2024-05-17,-0.0016480625651974453
2024-05-20,0.00309052763380383
2024-05-21,0.007576706375648137
2024-05-22,-0.008118652295027458
2024-05-23,0.024595165445730528
2024-05-24,0.01745654769897322
2024-05-28,0.03204497366615249
2024-05-29,-0.0034321193864001193
2024-05-30,-0.024235130720687406
2024-05-31,0.003938137190762039
2024-06-03,0.017887773339994802
2024-06-04,0.003748718864871531
2024-06-05,0.02825475999732289
2024-06-06,-0.002637310223147153
2024-06-07,-0.003337333281128415
2024-06-10,0.006071130801380307
2024-06-11,0.0011969030421019186
2024-06-12,0.0196550526990996
2024-06-13,0.01564259950152506
2024-06-14,0.007137488985550185
2024-06-17,0.000996678520619319
2024-06-18,0.014284814751822989
2024-06-20,-0.014887013721214227
2024-06-21,-0.016363999386834957
2024-06-24,-0.023814847879809906
2024-06-25,0.028766199186872555
2024-06-26,0.005705319479576776
2024-06-27,-0.002603363570289757
2024-06-28,-0.004487354355550985
2024-07-01,0.009069544072669107
2024-07-02,0.0035381530958152295
2024-07-03,0.02131399054306576
2024-07-05,0.0007472014517956202
2024-07-08,0.004651407059638177
2024-07-09,0.011537565661360508
2024-07-10,0.02020355120405423
2024-07-11,-0.04115487429981781
2024-07-12,0.004009781058407649
2024-07-15,0.003115920508655627
2024-07-16,-0.0019222826778021848
2024-07-17,-0.026714430657096454
2024-07-18,0.003494916950350218
2024-07-19,-0.011278645276782613
2024-07-22,0.016540471559577656
2024-07-23,-0.0033490308190566097
2024-07-24,-0.03458101320768545
2024-07-25,-0.005381589226541766
2024-07-26,0.005379232225684253
2024-07-29,-0.001956466663427008
2024-07-30,-0.014754470513685934
2024-07-31,0.030519314065243965
2024-08-01,-0.01961912776093358
2024-08-02,-0.01064234840770595
2024-08-05,-0.02606496215264823
2024-08-06,0.00859115263290335
2024-08-07,-0.009035852472663591
2024-08-08,0.017786874713587055
2024-08-09,0.0024213192768484087
2024-08-12,0.00821312334087034
2024-08-13,0.01894319577017067
2024-08-14,0.003948885060503675
2024-08-15,0.015746667467017618
2024-08-16,0.0031516551222713677
2024-08-19,0.015082640440010063
2024-08-20,-0.008852586192810888
2024-08-21,0.002799744369142785
2024-08-22,-0.014643041223510525
2024-08-23,0.017014308332249272
2024-08-26,-0.006169157847366657
2024-08-27,0.002152320496298432
2024-08-28,-0.00982078535364337
2024-08-29,-0.016150875460363357
2024-08-30,0.008015848282769392
2024-09-03,-0.0365521784371205
2024-09-04,-0.004103253726363422
2024-09-05,0.0028641487719511588
2024-09-06,-0.017550327355605997
2024-09-09,0.010589548842072123
2024-09-10,0.000554558159771548
2024-09-11,0.020436567820776703
2024-09-12,0.00890841887808225
2024-09-13,0.0009350430131463647
2024-09-16,-0.003945124400026051
2024-09-17,-0.00018376238830967854
2024-09-18,-0.00453381268790166
2024-09-19,0.021933662988387878
2024-09-20,-0.005503752898650584
2024-09-23,0.003559969871532725
2024-09-24,0.012014562578572086
2024-09-25,0.005041208634091727
2024-09-26,-0.0008995984414268564
2024-09-27,-0.0030954188311501144
2024-09-30,0.005339374035395367
2024-10-01,-0.015221747097119365
2024-10-02,0.0050445665994230384
2024-10-03,0.011045724659481613
2024-10-04,0.01609872078841047
2024-10-07,-0.001189513294377655
2024-10-08,0.01700243283113303
2024-10-09,0.0016885247161528441
2024-10-10,0.007267637300775081
2024-10-11,0.0021750927586392625
2024-10-14,0.014686539822026414
2024-10-15,-0.03171875469953191
2024-10-16,0.010621563790533844
2024-10-17,0.001973827960693372
2024-10-18,0.004731195815644069
2024-10-21,0.015807465915950804
2024-10-22,0.0032634029394010295
2024-10-23,-0.02053194042408856
2024-10-24,0.009021256782117055
2024-10-25,0.0065878746140278655
2024-10-28,-0.0015997211028394528
2024-10-29,0.003640382297426631
2024-10-30,-0.004461894379246677
2024-10-31,-0.03366515691748314
2024-11-01,0.006837963319241098
2024-11-04,-0.00022604225871717797
2024-11-05,0.01509744766758519
2024-11-06,0.035799279566373104
2024-11-07,0.013460492815480353
2024-11-08,-0.0007899980578581027
2024-11-11,-0.0027777286262049045
2024-11-12,0.005766871387408041
2024-11-13,-0.004498369541187962
2024-11-14,-0.0037186573412346462
2024-11-15,-0.02178979983103213
2024-11-18,0.000258122300570089
2024-11-19,0.01807661059231485
2024-11-20,-0.0009459507182654386
2024-11-21,-0.0008694906845669668
2024-11-22,-0.011664985128593314
2024-11-25,-0.013653121800433491
2024-11-26,0.0054651553071044644
2024-11-27,-0.007044310080460796
2024-11-29,0.011929527257482916
2024-12-02,0.007535819166179897
2024-12-03,0.00706619528858769
2024-12-04,0.015238260817288159
2024-12-05,-0.0007400448467913543
2024-12-06,-0.003994779524475989
2024-12-09,-0.010985386463312857
2024-12-10,-0.004528984674855415
2024-12-11,0.02081803273279397
2024-12-12,-0.01160551811597455
2024-12-13,-0.010484984473608745
2024-12-16,-0.0009583098876280848
2024-12-17,-0.004960473253859166
2024-12-18,-0.027789702010559712
2024-12-19,0.00352127707289753
2024-12-20,0.012313265944496827
2024-12-23,0.018653895045219377
2024-12-24,0.011107736801789628
2024-12-26,-0.0022642053847826368
2024-12-27,-0.016782729342803344
2024-12-30,-0.006196117428234115
2024-12-31,-0.01153840776001372
2025-01-02,0.0063895477208509455
2025-01-03,0.02628529384571542
2025-01-06,0.02013056536888926
2025-01-07,-0.030561299403093798
2025-01-08,-0.001426184165120028
2025-01-10,-0.013580771694918083
2025-01-13,-0.0017425348055691268
2025-01-14,-0.00529346482879682
2025-01-15,0.025409398327287256
2025-01-16,-0.015313542450817348
2025-01-17,0.015935487374554982
2025-01-21,0.00865117796212564
2025-01-22,0.01573993340868408
2025-01-23,0.0038161069952724514
2025-01-24,-0.011944532157550732
2025-01-27,-0.057565926267801305
2025-01-28,0.01795325941109286
2025-01-29,-0.00825231832546196
2025-01-30,0.0023477642798214533
2025-01-31,-0.007360790294319076
2025-02-03,-0.00834208450740011
2025-02-04,0.008937755146157926
2025-02-05,0.004496495552451907
2025-02-06,0.00732332632477295
2025-02-07,-0.0038167609110480024
2025-02-10,0.008093003717082175
2025-02-11,-0.001590258646508356
2025-02-12,-0.00527573943036167
2025-02-13,0.014099873092287607
2025-02-14,0.007491755325816609
2025-02-18,-0.0014009163031156715
2025-02-19,0.0011804275275663079
2025-02-20,-0.0027858851177442415
2025-02-21,-0.026227898690123385
2025-02-24,-0.012181993553392154
2025-02-25,-0.014524725415362443
2025-02-26,0.0072302778569123755
2025-02-27,-0.027487607995406973
2025-02-28,0.014416912797552056
2025-03-03,-0.02781743812023586
2025-03-04,-0.0002784314706476237
2025-03-05,0.005183289347152349
2025-03-06,-0.014876744528607178
2025-03-07,0.0039420320159530885
2025-03-10,-0.021961862024856785
2025-03-11,0.0010732036583116825
2025-03-12,0.013673536217579465
2025-03-13,-0.0073035442345989144
2025-03-14,0.019176724829294615
2025-03-17,-0.0032491517949306274
2025-03-18,-0.012059454294496086
2025-03-19,0.009007297678129871
2025-03-20,0.0022280154623245244
2025-03-21,0.003225310365130151
2025-03-24,0.01719511997427351
2025-03-25,0.0035542021343069664
2025-03-26,-0.01964269253045052
2025-03-27,-0.006515328999668861
2025-03-28,-0.014784083048744805
2025-03-31,-0.0008357600387564286
2025-04-01,0.007331810737024996
2025-04-02,0.002989810997459742
2025-04-03,-0.04494277624702434
2025-04-04,-0.029049130904447006
2025-04-07,0.004046309988505953
2025-04-08,-0.004560969757049284
2025-04-09,0.052740526575760255
2025-04-10,-0.019675747311487246
2025-04-11,0.009684397277526357
2025-04-14,-0.001132873000509374
2025-04-15,-0.0001744090306196061
2025-04-16,-0.016418795828665324
2025-04-17,-0.010054055189730094
2025-04-21,-0.01419215986812212
2025-04-22,0.010502728733375677
2025-04-23,0.011434671529560356
2025-04-24,0.011548388944289445
2025-04-25,0.010882744103565071
2025-04-28,-0.0035930822824865225
2025-04-29,0.0010964815646651407
2025-04-30,-0.0034914617617019302
2025-05-01,0.011351036393160423
2025-05-02,0.009818621885169361
2025-05-05,-0.00506556223747789
2025-05-06,-0.003591731248030046
2025-05-07,0.004302113214186213
2025-05-08,0.005799365512124813
2025-05-09,-0.00011379626236054872
2025-05-12,0.03420187256088019
2025-05-13,0.015525198346582085
2025-05-14,0.016086623019982465
2025-05-15,-0.006697019379184595
2025-05-16,0.0041763890829046475
2025-05-19,-0.00031912781535996064
2025-05-20,-0.005853184426097202
2025-05-21,-0.01371040619829243
2025-05-22,0.0036392598676806124
2025-05-23,-0.0092273804227205
2025-05-27,0.02379634407508677
2025-05-28,-0.0050875954284520086
2025-05-29,0.013103029396458212
2025-05-30,-0.012269006921000735
2025-06-02,0.009530319354395186
2025-06-03,0.010284310381200548
2025-06-04,0.0018105428310373009
2025-06-05,-0.01477725701790497
2025-06-06,0.01744134616248196
2025-06-09,0.006649400687295643
2025-06-10,0.01191942043544994
2025-06-11,-0.003867649398970111
2025-06-12,0.007062680207012082
2025-06-13,-0.01095860163739587
2025-06-16,0.01649887873622528
2025-06-17,-0.004613974678191795
2025-06-18,0.004174013410888009
2025-06-20,-0.00849168844698448
2025-06-23,0.006152603190831231
2025-06-24,0.012271128632617007
2025-06-25,0.020573353524565543
2025-06-26,0.0119275596085538
2025-06-27,0.012766526332749257
2025-06-30,-0.0005617165299329294
2025-07-01,-0.017589852846898606
2025-07-02,0.016137200105097158
2025-07-03,0.013465037236643987
2025-07-07,-0.012834188001988272
2025-07-08,0.0045451311899414645
2025-07-09,0.012582160431105441
2025-07-10,0.008185952044651952
2025-07-11,0.004150060640162467
2025-07-14,-0.0031462982963639564
2025-07-15,0.016136518589238653
2025-07-16,0.0017725507773931766
2025-07-17,0.006515000393359912
2025-07-18,-0.00323219904768218
2025-07-21,0.0017798276030848636
2025-07-22,-0.014024412120939085
2025-07-23,0.017268447301001248
2025-07-24,0.006818564253807152
2025-07-25,0.002231335705773508
2025-07-28,0.013924777606500568
2025-07-29,-0.00874089205599189
2025-07-30,0.010716300607882054
2025-07-31,0.004480401550736221
2025-08-01,-0.03446699136061128
2025-08-04,0.021916658193577042
2025-08-05,-0.006724198292149187
2025-08-06,0.008501625568681769
2025-08-07,0.0019417540768204762
2025-08-08,0.013296325617524007
2025-08-11,-0.002348531898102475
2025-08-12,0.011452674776641502
2025-08-13,-0.004162121868908603
2025-08-14,0.003792356310105831
2025-08-15,-0.002482786609417954
2025-08-18,0.0029232197935689487
2025-08-19,-0.02450571629763018
2025-08-20,-0.0041181835603358845
2025-08-21,-0.0024141565057618423
2025-08-22,0.021357739306412552
2025-08-25,0.005296070869993562
2025-08-26,0.00622327709167795
2025-08-27,0.0015906362831601636
2025-08-28,0.0004581447879406595
2025-08-29,-0.018934655923838174
2025-09-02,-0.012113890601308843
2025-09-03,0.0073493930483176035
2025-09-04,0.010020133593863013
2025-09-05,-0.01688200261257823
2025-09-08,0.003549594322004836
2025-09-09,0.01426812762856179
2025-09-10,0.013762339730720802
2025-09-11,0.005498458973188883
2025-09-12,0.008624078950473672
2025-09-15,0.010136902451542317
2025-09-16,-0.002782526099339591
2025-09-17,-0.011381355075166863
2025-09-18,0.01367873902920418
2025-09-19,0.006595486991906495
2025-09-22,0.01780088372363321
2025-09-23,-0.017042234503373662
2025-09-24,-0.0017681684207488354
2025-09-25,-0.002178101375329013
2025-09-26,0.006311588746433807
2025-09-29,0.006798350624258166
2025-09-30,0.009877375408772465
2025-10-01,0.0012312725857487532
2025-10-02,0.001769038284271995
2025-10-03,-0.0033911375632265724
2025-10-06,0.0035978725647815117
2025-10-07,-0.007566789296069809
2025-10-08,0.013356552403959254
2025-10-09,0.00831874173904328
2025-10-10,-0.04999494946864024
2025-10-13,0.018361474210559184
2025-10-14,-0.017533435675456656
2025-10-15,0.0028973251074221385
2025-10-16,-0.0006395467374502623
2025-10-17,0.006385687650083841
2025-10-20,0.0069122546013069604
2025-10-21,-0.005094970192080416
2025-10-22,-0.002440258527117774
2025-10-23,0.007245185230314531
2025-10-24,0.012368270954023318
2025-10-27,0.02232510185658709
2025-10-28,0.022653291809785953
2025-10-29,0.015988888906484797
2025-10-30,-0.023111608778054325
2025-10-31,0.0012454967559214344
2025-11-03,0.009443834046511945
2025-11-04,-0.023095961819225942
2025-11-05,-0.002574363213521677
2025-11-06,-0.017972521858707187
2025-11-07,-0.0006532599028292582
2025-11-10,0.027906145208554906
2025-11-11,-0.008493596161964356
2025-11-12,-0.0026645315552530652
2025-11-13,-0.022721439664314676
2025-11-14,0.00448982839639801
2025-11-17,-0.007360108479215563
2025-11-18,-0.013322899080939884
2025-11-19,0.009668805823401763
2025-11-20,-0.015474356353301225
2025-11-21,0.0010012771291576777
2025-11-24,0.01683897266157464
2025-11-25,-0.0033843683874087978
2025-11-26,0.006550985380574471
2025-11-28,-0.0007023992614074692
2025-12-01,0.0028822727480943542
2025-12-02,0.004013345299000627
2025-12-03,0.00039456203343376015
2025-12-04,0.009841180668338372
2025-12-05,-0.0006369728158717353
2025-12-08,0.0014810017198374436
2025-12-09,-0.0024385669407765358
2025-12-10,0.001821265765861844
2025-12-11,-0.007011537022761673
2025-12-12,-0.016578959861979645
2025-12-15,0.002179615840372578
2025-12-16,0.0013926803100082082
2025-12-17,-0.022811005155726084
2025-12-18,0.012575492190732313
2025-12-19,0.017307130377644416
2025-12-22,0.009950441794950188
2025-12-23,0.016943502660275698
2025-12-24,0.00032053059176540065
2025-12-26,0.0023294852689805957
2025-12-29,-0.008222930343804336
2025-12-30,-0.0007124153617023922
2025-12-31,-0.006546808536053446
2026-01-02,0.004888856772543161
2026-01-05,0.007614480347279179
2026-01-06,-0.007029643860056677
2026-01-07,0.0008445488905443764
2026-01-08,-0.003289134074451193
2026-01-09,0.004731648191422307
2026-01-12,-0.0020982899128496623
2026-01-13,-0.0018596290898664528
2026-01-14,-0.011268497740532731
2026-01-15,0.008940146979734189
2026-01-16,-0.002634266808005482
2026-01-20,-0.037448578987286624
2026-01-21,0.01625364248119015
2026-01-22,0.011445080173877867
2026-01-23,0.008409949338662103
2026-01-26,0.0013882369176841565
2026-01-27,0.0029659607535373832
2026-01-28,0.007900066204095151
2026-01-29,0.006162924427052342
2026-01-30,-0.00448831151464445
2026-02-02,-0.013063776569709952
2026-02-03,-0.011199261716661569
2026-02-04,-0.016050471840573646
2026-02-05,-0.014450387123100025
2026-02-06,0.030531324456567362
2026-02-09,0.014148495117997607
2026-02-10,-0.006024906519302491
2026-02-11,0.0014240460110160292
2026-02-12,-0.02025424443262518
2026-02-13,-0.01174016896748011
2026-02-17,0.0028053245759117186
2026-02-18,0.011606879537421944
2026-02-19,-0.0007286591643731155
2026-02-20,0.008303916712695598
2026-02-23,-0.004058793462347571
2026-02-24,0.004443730497660354
2026-02-25,0.014174208211103507
2026-02-26,-0.02702913038735238
2026-02-27,-0.015078504398195375
2026-03-02,0.009985646045426545
2026-03-03,-0.007384591545449892
2026-03-04,0.007798083325030189
2026-03-05,-0.0011442369188620829
2026-03-06,-0.016917802383879653
2026-03-09,0.01210840671846583
2026-03-10,0.0026487442132747943
2026-03-11,0.006289110809960078
2026-03-12,-0.012908184863365441
2026-03-13,-0.008714305987883954
2026-03-16,0.012508474887955354
2026-03-17,0.0013920281339122346
2026-03-18,-0.009741796956858005
2026-03-19,-0.007033153392152784
2026-03-20,-0.018743919995078014
2026-03-23,0.011602076476699136
2026-03-24,-0.0029456987211291404
2026-03-25,0.007605258144495119
2026-03-26,-0.026526967025256257
2026-03-27,-0.013143181886394028
2026-03-30,-0.003290974200755169
2026-03-31,0.03122329422551208
2026-04-01,0.0016155622104144982
2026-04-02,0.0005247697307166458
2026-04-06,0.0047616519866462
2026-04-07,0.004211043335524973
2026-04-08,0.014545521881946204
2026-04-09,0.008269984504740974
2026-04-10,0.008464532649307539
2026-04-13,0.00759806272537268
2026-04-14,0.02421849377553496
2026-04-15,0.013945310689731524
2026-04-16,0.003439316153544787
2026-04-17,0.010782837537082821
2026-04-20,-0.00126398134489333
2026-04-21,-0.007046889859448673
2026-04-22,0.015948772765200365
2026-04-23,-0.012873035128315355
2026-04-24,0.0246486443946386
2026-04-27,0.02153888854604118
2026-04-28,-0.005114306285546277
2026-04-29,-0.006640885021226791
2026-04-30,-0.017105239815121583
2026-05-01,0.00038949568678619856
2026-05-04,-0.0008768034327289421
2026-05-05,-0.0011393090359873344
2026-05-06,0.03025996278070875
2026-05-07,0.0069138843327842545
2026-05-08,0.01008254582636568
2026-05-11,0.010144504179137372
2026-05-12,0.00446927609875019
2026-05-13,0.023178585038946483
2026-05-14,0.02473750707857592
2026-05-15,-0.024063963618589847
2026-05-18,-0.005504015888672206
2026-05-19,-0.009457267059529404
2026-05-20,0.006245939804145046
2026-05-21,-0.008156780774972483
2026-05-22,-0.0077611812765719735
2026-05-26,-0.0038229379587329157
2026-05-27,-0.00335847767558619
2026-05-28,0.005483103860095941
2026-05-29,-0.009959426954164203
2026-06-01,0.023501477510070114
2026-06-02,-0.008141998245285262
2026-06-03,-0.01804519085151648
2026-06-04,0.017160105931761743
2026-06-05,-0.040567767857850684
2026-06-08,0.004693012319944174
2026-06-09,-0.0051003497165662435
2026-06-10,-0.017334654202883742
2026-06-11,0.0067646926354518406
2026-06-12,0.002100136950635338
2026-06-15,0.015209648216867246
2026-06-16,-0.0046581271179407645
2026-06-17,-0.014366022875916684
2026-06-18,0.009795441762942985
2026-06-22,-0.00956205376225024
2026-06-23,-0.015443282848097093
2026-06-24,-0.005874422255441406
2026-06-25,-0.010887467236956891
2026-06-26,-0.0025411936922170456
2026-06-29,0.011733632901350453
2026-06-30,0.012109291142543548
2026-07-01,0.005952183723480085
2026-07-02,-0.007075404630726991
2026-07-06,0.008018296927570674
2026-07-07,0.007702189055352433
2026-07-08,0.00727081580652807
2026-07-09,0.0005903220862906209
2026-07-10,0.020705565593174668
2026-07-13,-0.013673853860900493
2026-07-14,0.020203640999370876
2026-07-15,0.011992410544412814
2026-07-16,-0.016023887912841938
2026-07-17,-0.014411967547967825
2026-07-20,0.0011294647926242559
2026-07-21,0.01151029790266748
2026-07-22,0.0063893403445194
