date,portfolio_return
2021-01-04,0.0
2021-01-05,0.010865813175831907
2021-01-06,-0.003948100229408613
2021-01-07,0.03138475029401255
2021-01-08,0.011713788938357617
2021-01-11,-0.01380565085159724
2021-01-12,0.0030265396156896607
2021-01-13,0.005992806841755183
2021-01-14,-0.0070159928682779205
2021-01-15,-0.012662990935256468
2021-01-19,0.015175440412059205
2021-01-20,0.021416814566742826
2021-01-21,0.007125018716611864
2021-01-22,-0.0025951495846880945
2021-01-25,0.007277614995319759
2021-01-26,-0.0007748962967932815
2021-01-27,-0.024224020297744286
2021-01-28,0.0004620385326821186
2021-01-29,-0.022627552497993197
2021-02-01,0.023389842029603036
2021-02-02,0.01750082866904057
2021-02-03,0.008646089192496209
2021-02-04,0.0046730486892454515
2021-02-05,0.004732028412671285
2021-02-08,0.012296939274818897
2021-02-09,-0.003435280799777729
2021-02-10,8.664546912995341e-05
2021-02-11,0.0004411639948924684
2021-02-12,0.001441229583224457
2021-02-16,0.0046781280243517465
2021-02-17,0.00021762664710678337
2021-02-18,-0.005439662852516736
2021-02-19,-0.0053838315560780226
2021-02-22,-0.015918748888088197
2021-02-23,0.0015868217407275509
2021-02-24,0.014369051376966535
2021-02-25,-0.035584155184090194
2021-02-26,0.000810305185490634
2021-03-01,0.027975908829716012
2021-03-02,-0.015233063635603172
2021-03-03,-0.01754173323702024
2021-03-04,-0.0043050884654783905
2021-03-05,0.016369150372519847
2021-03-08,-0.023546394735554643
2021-03-09,0.03424089650508355
2021-03-10,0.0029056283496253776
2021-03-11,0.018686935758949197
2021-03-12,-0.0042494026624428916
2021-03-15,0.002985095343826849
2021-03-16,-0.0011633987560794035
2021-03-17,0.0065093805620264344
2021-03-18,-0.025362540192800265
2021-03-19,0.004555154587704058
2021-03-22,0.007552624142615594
2021-03-23,-0.0036335985165369955
2021-03-24,-0.010626489293267483
2021-03-25,-0.001628822749722092
2021-03-26,0.009736488315549297
2021-03-29,0.0021347319993596514
2021-03-30,-0.0032352892227006658
2021-03-31,0.01100942453532272
2021-04-01,0.01606625797256256
2021-04-05,0.019085252963239707
2021-04-06,-0.005120428058541959
2021-04-07,0.009348436600408183
2021-04-08,0.005550127075098166
2021-04-09,0.008867716246891755
2021-04-12,0.004751927410488133
2021-04-13,0.012638632308576536
2021-04-14,-0.011854985379089578
2021-04-15,0.018257550248649057
2021-04-16,-0.0008365559650157506
2021-04-19,-0.009593654622057302
2021-04-20,-0.006685322477563149
2021-04-21,0.008706135045448926
2021-04-22,-0.017176005748138268
2021-04-23,0.015475162192912562
2021-04-26,0.005194477437511669
2021-04-27,-0.0034770445869409805
2021-04-28,0.004523647278138476
2021-04-29,0.01202134428583368
2021-04-30,-0.008264473788690885
2021-05-03,-0.0021433066027140013
2021-05-04,-0.01074653129616665
2021-05-05,0.0037078231668625783
2021-05-06,0.009646098028491146
2021-05-07,0.007329367903662787
2021-05-10,-0.02146274773783341
2021-05-11,-0.010495561948505872
2021-05-12,-0.02039521503106123
2021-05-13,0.005048889434742909
2021-05-14,0.02300552086614105
2021-05-17,0.0008715438690698463
2021-05-18,-0.011759861636108093
2021-05-19,-0.003888816113368776
2021-05-20,0.012794941499066459
2021-05-21,-0.00041188562243188453
2021-05-24,0.019688846027724916
2021-05-25,-0.0017721692054991633
2021-05-26,0.004358836117427822
2021-05-27,-0.0012967569355183395
2021-05-28,0.0015423502595199867
2021-06-01,0.004455025916935584
2021-06-02,0.002310273209910063
2021-06-03,-0.006369452867911574
2021-06-04,0.014856814285046038
2021-06-07,0.0016236345957327813
2021-06-08,0.001659590979824932
2021-06-09,-0.0011247641973427536
2021-06-10,0.004860179078013616
2021-06-11,0.0007472729782143084
2021-06-14,0.0067403333092062034
2021-06-15,-0.0023332089821774815
2021-06-16,-0.001281945387074157
2021-06-17,0.006279113839308126
2021-06-18,-0.01182173899500727
2021-06-21,0.01068825281754826
2021-06-22,0.011729714099408373
2021-06-23,0.0055108546920037416
2021-06-24,0.005785007822228794
2021-06-25,-0.001804865289637858
2021-06-28,0.01159569212370326
2021-06-29,-0.0015874327743249372
2021-06-30,0.0006831945230794112
2021-07-01,0.0060306892747870045
2021-07-02,0.011006725549948415
2021-07-06,-0.00018210407849217347
2021-07-07,-0.0025275191349334314
2021-07-08,-0.008121233174565368
2021-07-09,0.009970076543747375
2021-07-12,0.009564332702604927
2021-07-13,-0.0038512947666462516
2021-07-14,-0.005570359114808854
2021-07-15,-0.00949295737262601
2021-07-16,-0.014959938187418476
2021-07-19,-0.013553772665603425
2021-07-20,0.01130457215131675
2021-07-21,0.01362530382160565
2021-07-22,0.004386258983066771
2021-07-23,0.011794283061278499
2021-07-26,0.005257701568345263
2021-07-27,-0.010230497781122061
2021-07-28,0.005901465263231431
2021-07-29,0.0021823618013032675
2021-07-30,-0.011947927861807872
2021-08-02,0.003033587244579028
2021-08-03,0.007467083180948242
2021-08-04,0.00011997717006195785
2021-08-05,0.006012762239216318
2021-08-06,0.00012437119810493336
2021-08-09,-0.001195735672710918
2021-08-10,-0.00094423933481802
2021-08-11,-0.002192948170268272
2021-08-12,0.007266019475837382
2021-08-13,0.0013061200932737993
2021-08-16,-0.0018352758335691277
2021-08-17,-0.012322407047130723
2021-08-18,-0.010201980620681561
2021-08-19,0.0033628372563925257
2021-08-20,0.014434523138571853
2021-08-23,0.020258072409725658
2021-08-24,0.0021849355487246758
2021-08-25,0.004536371579710652
2021-08-26,-0.0062405975566388605
2021-08-27,0.01396609476258126
2021-08-30,0.0078569422493735
2021-08-31,-0.0036002648366257883
2021-09-01,0.0005934697686957868
2021-09-02,0.00036149455725653645
2021-09-03,0.00289872032696592
2021-09-07,0.003726111356080919
2021-09-08,-0.006666020548286911
2021-09-09,-0.003123973949085035
2021-09-10,-0.009498801184010808
2021-09-13,0.006507606963599644
2021-09-14,-0.0028051326291063106
2021-09-15,0.010832202537808477
2021-09-16,-0.0024258748265751917
2021-09-17,-0.011290034692613027
2021-09-20,-0.02564413217186623
2021-09-21,0.002583066197321182
2021-09-22,0.010259148597987489
2021-09-23,0.013519315448232927
2021-09-24,0.004800217433752252
2021-09-27,0.0005909525030802776
2021-09-28,-0.023840100259985397
2021-09-29,-0.001691707588967195
2021-09-30,-0.007695338910546523
2021-10-01,0.013710502077728837
2021-10-04,-0.018896478392399496
2021-10-05,0.015310590638676125
2021-10-06,0.004557593202431542
2021-10-07,0.009243293436291156
2021-10-08,0.001733756905693662
2021-10-11,-0.007634450524576453
2021-10-12,-0.004391709553390188
2021-10-13,0.0021298623109693438
2021-10-14,0.021243817559795986
2021-10-15,0.010778102560116132
2021-10-18,0.01103700336384672
2021-10-19,0.005883019874963091
2021-10-20,0.001682904375897687
2021-10-21,0.006797641762785744
2021-10-22,-0.0062084244096681784
2021-10-25,0.01608634705306633
2021-10-26,0.01230899128666807
2021-10-27,0.004209224903828135
2021-10-28,0.013169717508903167
2021-10-29,0.010613075295047292
2021-11-01,0.006676551307506662
2021-11-02,0.0008215082777438543
2021-11-03,0.008915282509968092
2021-11-04,0.022405194977272114
2021-11-05,0.0025402349584420225
2021-11-08,0.0017158205755056777
2021-11-09,-0.011866688429083116
2021-11-10,-0.014538983515062887
2021-11-11,0.00432767063441597
2021-11-12,0.005423054453577381
2021-11-15,-0.0028012680454408967
2021-11-16,0.004855195693766801
2021-11-17,-0.0023747741574114967
2021-11-18,0.018128399350564317
2021-11-19,0.004824733160440076
2021-11-22,-0.006548650495639241
2021-11-23,-0.00033031886779544273
2021-11-24,0.007329365690819323
2021-11-26,-0.02895821276338073
2021-11-29,0.026403663051391746
2021-11-30,-0.015024508386958901
2021-12-01,-0.017329806292505023
2021-12-02,0.007991701300734677
2021-12-03,-0.02088283057733653
2021-12-06,0.007862195949468465
2021-12-07,0.03244753054298233
2021-12-08,0.003257259994815964
2021-12-09,-0.013919745629744074
2021-12-10,0.005934223093353452
2021-12-13,-0.022890930574808177
2021-12-14,-0.0051994381190140215
2021-12-15,0.025082791694357454
2021-12-16,-0.025631798624360602
2021-12-17,-0.010976897705474498
2021-12-20,-0.012888532309606626
2021-12-21,0.024804677653802676
2021-12-22,0.015836832545645052
2021-12-23,0.009634237554537295
2021-12-27,0.019326024527994923
2021-12-28,-0.004441840833426913
2021-12-29,-0.0034426003377543424
2021-12-30,-0.0060484260851138005
2021-12-31,-0.007035993546446906
2022-01-03,0.026684533462183246
2022-01-04,-0.00856177639059963
2022-01-05,-0.0302058483505645
2022-01-06,-0.00018427586015490327
2022-01-07,-0.009532726020428317
2022-01-10,0.004361235652484252
2022-01-11,0.014539526783051038
2022-01-12,0.008113985939639745
2022-01-13,-0.02774148684817257
2022-01-14,0.004913222315012122
2022-01-18,-0.022080699024269013
2022-01-19,-0.011977589192436966
2022-01-20,-0.011083204453989137
2022-01-21,-0.026340475733482527
2022-01-24,0.0023494337424365686
2022-01-25,-0.01465521974890105
2022-01-26,0.006936938736754383
2022-01-27,-0.013768687163585591
2022-01-28,0.026129304457654934
2022-01-31,0.03283054446403755
2022-02-01,0.013035709349852986
2022-02-02,0.013340510152790142
2022-02-03,-0.04500101650141464
2022-02-04,0.019408377612331718
2022-02-07,-0.005622777954325531
2022-02-08,0.006705014293734157
2022-02-09,0.017989476982325003
2022-02-10,-0.020735426288313152
2022-02-11,-0.02646739287368649
2022-02-14,0.0009088573475932726
2022-02-15,0.02375814339083382
2022-02-16,0.001591455670075126
2022-02-17,-0.032750170846285065
2022-02-18,-0.013580026139959345
2022-02-22,-0.012627848355972082
2022-02-23,-0.024264240814556803
2022-02-24,0.023584584872950343
2022-02-25,0.019410429579722388
2022-02-28,0.0060397895720247785
2022-03-01,-0.01384828002171068
2022-03-02,0.018061951978172175
2022-03-03,-0.011784950218885704
2022-03-04,-0.005835228280088756
2022-03-07,-0.03044186010770855
2022-03-08,-0.0006595078503273122
2022-03-09,0.02582292064796654
2022-03-10,-0.0006999383079072663
2022-03-11,-0.020927186720910096
2022-03-14,-0.020902583282480847
2022-03-15,0.02178057786606602
2022-03-16,0.031079800590284812
2022-03-17,0.016069527587829313
2022-03-18,0.021795245175790345
2022-03-21,0.008783164980986191
2022-03-22,0.01599934577740525
2022-03-23,-0.007460412221370505
2022-03-24,0.026010736703348636
2022-03-25,0.0024766458946803294
2022-03-28,0.010359700783736825
2022-03-29,0.007676885560156554
2022-03-30,-0.004715127010638365
2022-03-31,-0.0185521679274806
2022-04-01,0.0004792446950423468
2022-04-04,0.019621361628969325
2022-04-05,-0.01969837478880132
2022-04-06,-0.021946141445648992
2022-04-07,0.003138542365513697
2022-04-08,-0.008689643008297998
2022-04-11,-0.03169556909300075
2022-04-12,-0.001286994517631368
2022-04-13,0.015577475118818684
2022-04-14,-0.019256752559342116
2022-04-18,0.009077051217430965
2022-04-19,0.014655991980331962
2022-04-20,-0.01427411464580619
2022-04-21,-0.019225340289163895
2022-04-22,-0.02603456440019236
2022-04-25,0.004258669178099028
2022-04-26,-0.039718779300871865
2022-04-27,0.0003355550993295875
2022-04-28,0.03947647006827326
2022-04-29,-0.04053035354797474
2022-05-02,0.019076924111339322
2022-05-03,0.006725001894050786
2022-05-04,0.035609691952859235
2022-05-05,-0.0473168051644588
2022-05-06,-0.0013498927782022996
2022-05-09,-0.05251022996661059
2022-05-10,0.010828830209862916
2022-05-11,-0.02436335445304172
2022-05-12,-0.008336684048931065
2022-05-13,0.03664436711383412
2022-05-16,-0.00608729538721664
2022-05-17,0.025266475585290715
2022-05-18,-0.04380559937115469
2022-05-19,-0.0015537421023845699
2022-05-20,-0.0059753639041357776
2022-05-23,0.02379329709463862
2022-05-24,-0.0201180805361586
2022-05-25,0.0169796271087721
2022-05-26,0.02420862080494235
2022-05-27,0.029775427125918963
2022-05-31,-0.003584963956898335
2022-06-01,-0.0032258035236432114
2022-06-02,0.02296178335658494
2022-06-03,-0.02420822669164946
2022-06-06,0.006188762476420084
2022-06-07,0.014891419521725346
2022-06-08,-0.002093117029488778
2022-06-09,-0.024905050933134776
2022-06-10,-0.034623440767228675
2022-06-13,-0.048412377266352835
2022-06-14,0.0011726900318194122
2022-06-15,0.020226824587148196
2022-06-16,-0.038360491751117665
2022-06-17,-0.00463676266368529
2022-06-21,0.04290586281142228
2022-06-22,-0.008701310151354336
2022-06-23,0.00225230523508424
2022-06-24,0.031954965897952325
2022-06-27,-0.00053086428468474
2022-06-28,-0.019517044599304145
2022-06-29,-0.006118912117600184
2022-06-30,-0.019804468909636386
2022-07-01,0.006900377418323833
2022-07-05,0.007753938559059037
2022-07-06,0.0036713305493645265
2022-07-07,0.026037324919844895
2022-07-08,0.0029723279119002743
2022-07-11,-0.022866546093307072
2022-07-12,-0.010425081034202477
2022-07-13,-0.0039204472008858016
2022-07-14,-0.004553548369523819
2022-07-15,0.024109598315187997
2022-07-18,-0.0023691987467981956
2022-07-19,0.03205899663066858
2022-07-20,0.011467089690329058
2022-07-21,0.011436514551931953
2022-07-22,-0.01996617337396378
2022-07-25,0.002174386565371167
2022-07-26,-0.01905348224770642
2022-07-27,0.043629620228399446
2022-07-28,0.008990419073954259
2022-07-29,0.02820365034290062
2022-08-01,-0.007952008133077615
2022-08-02,-0.0027326357210730734
2022-08-03,0.01429251404715881
2022-08-04,-0.005420862553258798
2022-08-05,-0.005674636966128466
2022-08-08,-0.007033564935279957
2022-08-09,-0.0034422918478623776
2022-08-10,0.026509045033022982
2022-08-11,-0.0012096857526423532
2022-08-12,0.022578832848127117
2022-08-15,0.0032431765826888004
2022-08-16,-0.0026765791285565665
2022-08-17,-0.007079307425517323
2022-08-18,0.005868501724586972
2022-08-19,-0.018181106944823
2022-08-22,-0.020735321405037865
2022-08-23,0.006998867267404174
2022-08-24,0.0024474382338850464
2022-08-25,0.016142195785364688
2022-08-26,-0.037762648696623824
2022-08-29,-0.0037027088547885167
2022-08-30,-0.017714998622756717
2022-08-31,-0.0073355567074805395
2022-09-01,-0.005914931449158223
2022-09-02,-0.009264287404744831
2022-09-06,-0.004914720447292575
2022-09-07,0.013040101693434059
2022-09-08,0.007326519623443994
2022-09-09,0.019405913913445927
2022-09-12,0.013395550926273536
2022-09-13,-0.05002378478769254
2022-09-14,0.009484325107325775
2022-09-15,-0.010834191464124121
2022-09-16,-0.0068142285096295385
2022-09-19,0.00820765243290733
2022-09-20,-0.007789156588503765
2022-09-21,-0.0186758815462571
2022-09-22,-0.008620611792725774
2022-09-23,-0.025020571310238937
2022-09-26,-0.00992421750872885
2022-09-27,0.0056918446137015355
2022-09-28,0.021692193743290566
2022-09-29,-0.025720292200975714
2022-09-30,-0.014903782206313498
2022-10-03,0.02214548732752264
2022-10-04,0.03260719898480757
2022-10-05,0.005503900387605176
2022-10-06,-0.0003653666789040777
2022-10-07,-0.03535064695243695
2022-10-10,-0.013102743137489825
2022-10-11,-0.012735583737735312
2022-10-12,0.0021190163067050793
2022-10-13,0.02898599992641726
2022-10-14,-0.027077866022150787
2022-10-17,0.035409515874142095
2022-10-18,0.0065773058472407
2022-10-19,0.0033974439219335295
2022-10-20,-0.0046327393550537055
2022-10-21,0.024227497366452688
2022-10-24,0.008402511042535199
2022-10-25,0.014264236192295998
2022-10-26,-0.0204418017258019
2022-10-27,-0.01695325903550715
2022-10-28,0.027298737890475655
2022-10-31,-0.008508227398631218
2022-11-01,-0.00706739968008685
2022-11-02,-0.027687674851482158
2022-11-03,-0.007073168422310094
2022-11-04,0.013487362373761469
2022-11-07,0.009062676854217022
2022-11-08,0.003630715262334938
2022-11-09,-0.03277977098153673
2022-11-10,0.05838549999548093
2022-11-11,0.016150961876127745
2022-11-14,-0.008644448889946199
2022-11-15,0.006945667399041566
2022-11-16,-0.010107978838494458
2022-11-17,-0.002872307495634163
2022-11-18,-0.0012889394369323126
2022-11-21,-0.016054487067597267
2022-11-22,0.020376302130664437
2022-11-23,0.012570655928227481
2022-11-25,-0.003964472696126431
2022-11-28,-0.019689254705141823
2022-11-29,-0.003775392192448268
2022-11-30,0.0417412523554046
2022-12-01,-0.0035517523143558938
2022-12-02,-0.00458233113362827
2022-12-05,-0.020588334639986328
2022-12-06,-0.021026640875858704
2022-12-07,-0.0044029053620647796
2022-12-08,0.013201958505405953
2022-12-09,-0.006221312610699581
2022-12-12,0.013626871623542813
2022-12-13,0.008994566266450343
2022-12-14,-0.008016125555862175
2022-12-15,-0.026495682116139174
2022-12-16,-0.011326272335789644
2022-12-19,-0.008805379940908686
2022-12-20,-0.0002531395156762928
2022-12-21,0.014390233284661491
2022-12-22,-0.027166606823674666
2022-12-23,0.009056327189578495
2022-12-27,-0.013774467088056186
2022-12-28,-0.010241711592028468
2022-12-29,0.02085350834699451
2022-12-30,0.00330897435010713
2023-01-03,-0.01863721166411969
2023-01-04,-0.001096771712177591
2023-01-05,-0.009708099052226138
2023-01-06,0.018579321423374928
2023-01-09,0.004903803837517762
2023-01-10,0.009320276035908792
2023-01-11,0.01856065234444526
2023-01-12,0.01015866892620676
2023-01-13,0.006744195141228149
2023-01-17,0.003960116766295707
2023-01-18,-0.016921297655239864
2023-01-19,-0.0017899486019234967
2023-01-20,0.02770181884334222
2023-01-23,0.018316413438986157
2023-01-24,0.00306544500267103
2023-01-25,-0.0034653232198458284
2023-01-26,0.028074861631572023
2023-01-27,0.00921233071371974
2023-01-30,-0.02437605470579718
2023-01-31,0.019987810926948235
2023-02-01,0.014019136306645974
2023-02-02,0.02136029171781284
2023-02-03,-0.0076896748853066965
2023-02-06,-0.0023160037630759467
2023-02-07,0.0266786808080004
2023-02-08,-0.012093443896262546
2023-02-09,-0.005369974475974648
2023-02-10,0.0008523672525573289
2023-02-13,0.009790011693790124
2023-02-14,0.008540472194294102
2023-02-15,0.002186570844767921
2023-02-16,-0.018439842159579722
2023-02-17,-0.01137738031865454
2023-02-21,-0.01978270806556559
2023-02-22,-0.0025725156420305373
2023-02-23,0.02267986842770875
2023-02-24,-0.011564253748913567
2023-02-27,0.00656292455881724
2023-02-28,-0.0031704118051458785
2023-03-01,-0.006304195426057202
2023-03-02,0.004483102733765509
2023-03-03,0.02120518058614662
2023-03-06,0.0016994356148183343
2023-03-07,-0.015895494098082552
2023-03-08,6.926068778900785e-05
2023-03-09,-0.020723406177840076
2023-03-10,-0.009675507633605696
2023-03-13,0.0018059791334181785
2023-03-14,0.02466776854492969
2023-03-15,-0.00945629124879832
2023-03-16,0.024670736952840278
2023-03-17,-0.007815782940177707
2023-03-20,0.008556087487590958
2023-03-21,0.02633514614617183
2023-03-22,-0.012794552412822346
2023-03-23,0.006450871627184496
2023-03-24,-0.0006939011342430579
2023-03-27,0.001013399041072116
2023-03-28,-0.0036806785515869356
2023-03-29,0.014133087293340951
2023-03-30,0.007533807354719535
2023-03-31,0.0149338688194387
2023-04-03,0.015258868754753019
2023-04-04,-0.005745091419658399
2023-04-05,-0.0023139873170432423
2023-04-06,0.005617422547862905
2023-04-10,-0.001598977152917569
2023-04-11,-0.0034874623632137336
2023-04-12,-0.007473705346530801
2023-04-13,0.015355216492160428
2023-04-14,0.004917677422023425
2023-04-17,-0.0034405593387627498
2023-04-18,0.006804276085100591
2023-04-19,-0.0035896173925750174
2023-04-20,-0.012806996905002532
2023-04-21,0.0009210196307993801
2023-04-24,0.003206811103691809
2023-04-25,-0.017344298267373492
2023-04-26,0.0047085865785159164
2023-04-27,0.028260595646035114
2023-04-28,0.007815131665107389
2023-05-01,-0.00034853473776574884
2023-05-02,-0.017223972007480604
2023-05-03,-0.010429056504461132
2023-05-04,-0.008441898215366339
2023-05-05,0.024821148693468853
2023-05-08,0.005073444113689929
2023-05-09,-0.00621538646811004
2023-05-10,0.006787111524766409
2023-05-11,6.38720305294882e-05
2023-05-12,-0.00468207649098662
2023-05-15,0.0038379171547158197
2023-05-16,-0.0012853366412988176
2023-05-17,0.019740557868485054
2023-05-18,0.016821215665319134
2023-05-19,-0.0017981740898440624
2023-05-22,0.0016733047592469852
2023-05-23,-0.007589964036037844
2023-05-24,-7.527500930015751e-05
2023-05-25,0.04250185116665417
2023-05-26,0.016254788368050832
2023-05-30,0.006770101155949559
2023-05-31,-0.014763146471099331
2023-06-01,0.02135673702582075
2023-06-02,0.009029523638082404
2023-06-05,-0.001032648860731178
2023-06-06,-0.0013736559168134876
2023-06-07,-0.012385187178537982
2023-06-08,0.012016805056678681
2023-06-09,0.0036769071867328584
2023-06-12,0.009711944735466771
2023-06-13,0.01082275973323732
2023-06-14,0.0021708780553941764
2023-06-15,0.009107501913686145
2023-06-16,-0.0053167769544753
2023-06-20,0.005796634420976332
2023-06-21,-0.008885405077158293
2023-06-22,0.007236068536515594
2023-06-23,-0.009705212584559919
2023-06-26,-0.016427891234656267
2023-06-27,0.01548800047654364
2023-06-28,-0.0006323355498994987
2023-06-29,0.0018934613843812897
2023-06-30,0.01738285968974318
2023-07-03,0.00394808590233664
2023-07-05,0.00037096640306777395
2023-07-06,-0.011540848545651405
2023-07-07,-0.001031751934457148
2023-07-10,-0.00445457831363727
2023-07-11,0.006497375612079415
2023-07-12,0.013649605854347602
2023-07-13,0.0157742776924521
2023-07-14,-0.0005464593894244363
2023-07-17,0.011184158260613142
2023-07-18,0.010776554501949365
2023-07-19,-0.0002872805846596549
2023-07-20,-0.020013768830049905
2023-07-21,-0.00839334653923518
2023-07-24,0.009064352924494035
2023-07-25,0.007311060127408009
2023-07-26,-0.00011786911313749204
2023-07-27,-0.0004571872210102912
2023-07-28,0.01460890314771568
2023-07-31,0.004911371397647857
2023-08-01,-0.005072830333607614
2023-08-02,-0.023843964246133553
2023-08-03,0.0050596158391844614
2023-08-04,-0.0014246905787712594
2023-08-07,0.008084611059835378
2023-08-08,-0.00680828322470306
2023-08-09,-0.01576546184602634
2023-08-10,0.0015715069668127413
2023-08-11,-0.005296962246383319
2023-08-14,0.01843352379101959
2023-08-15,-0.012937673479154532
2023-08-16,-0.011984932039177165
2023-08-17,-0.005316476922943125
2023-08-18,0.0002447250866908224
2023-08-21,0.024206735332313434
2023-08-22,-0.008441711234446703
2023-08-23,0.013543002358047618
2023-08-24,-0.01217431106631428
2023-08-25,0.0023111837288833925
2023-08-28,0.008783356278776022
2023-08-29,0.023521986476774837
2023-08-30,0.0053250125744279675
2023-08-31,-0.0010580921067203652
2023-09-01,-0.002243819826638127
2023-09-05,0.004979801470690548
2023-09-06,-0.01203209126281457
2023-09-07,-0.005905491853650302
2023-09-08,0.0008434752695265502
2023-09-11,0.007958172297737542
2023-09-12,-0.00266365394486201
2023-09-13,0.005286216141480615
2023-09-14,0.010781815739593359
2023-09-15,-0.01759353057732338
2023-09-18,0.001590880136247197
2023-09-19,-0.003297622714886428
2023-09-20,-0.015430089582920692
2023-09-21,-0.0155238124880831
2023-09-22,0.0007461853069166136
2023-09-25,0.00927210312990523
2023-09-26,-0.011222443031390195
2023-09-27,0.00872133910152395
2023-09-28,0.00824594972100301
2023-09-29,-0.003225722537050224
2023-10-02,0.011878954972814881
2023-10-03,-0.015411945658831416
2023-10-04,0.005535393667531308
2023-10-05,-8.353185975984445e-05
2023-10-06,0.013117984653531423
2023-10-09,0.006533865640798497
2023-10-10,0.002919815058303854
2023-10-11,0.0039136274744231425
2023-10-12,-0.0019473096708741977
2023-10-13,-0.00547188277844568
2023-10-16,0.008301769181429108
2023-10-17,-0.007783981772636728
2023-10-18,-0.014387522964210864
2023-10-19,-0.007807011939080399
2023-10-20,-0.01677730667750621
2023-10-23,0.0059457426010842696
2023-10-24,0.005907224966051894
2023-10-25,-0.022089782938192082
2023-10-26,-0.02190700914284538
2023-10-27,0.0006062591745379375
2023-10-30,0.011478033885769401
2023-10-31,0.0009707806548233666
2023-11-01,0.017136921135535
2023-11-02,0.020131313003082907
2023-11-03,0.007983543611580268
2023-11-06,0.004906564888468301
2023-11-07,0.004300535534086158
2023-11-08,0.0027133268063668226
2023-11-09,-0.0034263408013334162
2023-11-10,0.019235070685821754
2023-11-13,0.002926203505024816
2023-11-14,0.015425380971624492
2023-11-15,-0.003520520466442134
2023-11-16,0.003860907595561347
2023-11-17,0.001619769587185349
2023-11-20,0.009314619151540304
2023-11-21,-0.0026499284218460817
2023-11-22,-0.0022492745015285642
2023-11-24,-0.004831967188843711
2023-11-27,0.00011210071714207182
2023-11-28,0.0027817380144166126
2023-11-29,-0.006868345493988959
2023-11-30,-0.00491271500492263
2023-12-01,-0.0014384729052570044
2023-12-04,-0.012281801931913638
2023-12-05,0.006935524043273578
2023-12-06,-0.010868082939519796
2023-12-07,0.0136702925890404
2023-12-08,0.009017134800608284
2023-12-11,-0.010684508910125512
2023-12-12,0.0060111180972231
2023-12-13,0.006767338758222552
2023-12-14,0.0035609646966949793
2023-12-15,0.004718381849321718
2023-12-18,0.01109837711184647
2023-12-19,0.004166803258934371
2023-12-20,-0.01497243456618258
2023-12-21,0.011109350743165658
2023-12-22,-0.000637859919818129
2023-12-26,0.0037570051045354713
2023-12-27,0.001656847477852219
2023-12-28,-0.0023908353650883285
2023-12-29,-0.0032705333919180735
2024-01-02,-0.0067556553109123785
2024-01-03,-0.004589623986078317
2024-01-04,-0.002790598477063977
2024-01-05,0.004684764207895098
2024-01-08,0.020106903084186056
2024-01-09,0.0022569470612567866
2024-01-10,0.010120938230787413
2024-01-11,0.0008568726940720861
2024-01-12,-0.0017014122796675801
2024-01-16,0.0003792866464149558
2024-01-17,-0.004508426885865613
2024-01-18,0.009322286486328935
2024-01-19,0.0160283737056921
2024-01-22,0.0008206052678774167
2024-01-23,0.00538491891515136
2024-01-24,0.011684884039605103
2024-01-25,0.00038848954144321546
2024-01-26,0.0001510118924983317
2024-01-29,0.012110437661240425
2024-01-30,0.0013499152628493327
2024-01-31,-0.022680747057975736
2024-02-01,0.010368621697129932
2024-02-02,0.03490413130627368
2024-02-05,0.0058692202261823034
2024-02-06,-0.0014502277093423332
2024-02-07,0.015439812998964353
2024-02-08,0.0005539262883913487
2024-02-09,0.011858454879278835
2024-02-12,-0.001766013264931976
2024-02-13,-0.010335860827829224
2024-02-14,0.01206681379665131
2024-02-15,0.0028921715207612664
2024-02-16,-0.005060150390286622
2024-02-20,-0.01565576798061241
2024-02-21,-0.00296416158323487
2024-02-22,0.05408593627554259
2024-02-23,-0.0021031763948337057
2024-02-26,-0.002709908184194698
2024-02-27,-0.0014731985285760807
2024-02-28,-0.007231089596818507
2024-02-29,0.010129937167869363
2024-03-01,0.01454610030210346
2024-03-04,0.0006053992605510317
2024-03-05,-0.004986201414317937
2024-03-06,0.010616420077419919
2024-03-07,0.022635009328424216
2024-03-08,-0.018303150241729127
2024-03-11,-0.006500804980397512
2024-03-12,0.02877025585936277
2024-03-13,-0.0036370830073969573
2024-03-14,-0.0058005444018388586
2024-03-15,-0.004932211149838994
2024-03-18,0.012286746102451174
2024-03-19,0.006856855124503847
2024-03-20,0.010116139328787188
2024-03-21,0.0025718681374353736
2024-03-22,0.010657565265208335
2024-03-25,-1.902585401469814e-05
2024-03-26,-0.009187521697763379
2024-03-27,-0.0030645542537295345
2024-03-28,-0.0002764026906934003
2024-04-01,0.0034825485805176637
2024-04-02,-0.006801037489008399
2024-04-03,0.0009944380524191665
2024-04-04,-0.01388484489824271
2024-04-05,0.01635498981816319
2024-04-08,-0.0028071539287986003
2024-04-09,-0.003213179285982637
2024-04-10,0.003211699525596856
2024-04-11,0.018027799997888394
2024-04-12,-0.020244162007926003
2024-04-15,-0.016703898539828232
2024-04-16,0.0038581096979273255
2024-04-17,-0.013267221402599172
2024-04-18,0.002521654073606161
2024-04-19,-0.03384274651237995
2024-04-22,0.01510739067905198
2024-04-23,0.018294903946170837
2024-04-24,-0.005615234888304288
2024-04-25,-8.95269232803475e-06
2024-04-26,0.02595145193601578
2024-04-29,0.0022298166457326296
2024-04-30,-0.017649828148039726
2024-05-01,-0.011178415558764532
2024-05-02,0.017051862206650004
2024-05-03,0.01808683518744103
2024-05-06,0.018435553438240992
2024-05-07,-0.005183268596817725
2024-05-08,0.0006677179755707474
2024-05-09,9.33609044446726e-05
2024-05-10,0.0028463822843896036
2024-05-13,0.0017425866831766168
2024-05-14,0.008943606180078723
2024-05-15,0.016956746407689627
2024-05-16,-0.0025229859671569432
2024-05-17,-0.0014309992783653191
2024-05-20,0.0026306242936531277
2024-05-21,0.006309345860848525
2024-05-22,-0.006622609561335979
2024-05-23,0.02033053052639655
2024-05-24,0.014141440444388031
2024-05-28,0.025472919898988255
2024-05-29,-0.0026803831255592936
2024-05-30,-0.018778281414353337
2024-05-31,0.003669980784145377
2024-06-03,0.01622969178240541
2024-06-04,0.003315889447697007
2024-06-05,0.024397930960958325
2024-06-06,-0.0022260945819522204
2024-06-07,-0.002773203046606776
2024-06-10,0.004982558235632428
2024-06-11,0.0009630975831569355
2024-06-12,0.015525994937451548
2024-06-13,0.012144820229228248
2024-06-14,0.005452970477802133
2024-06-17,0.0007501315126252628
2024-06-18,0.010603518574071158
2024-06-20,-0.01090912311168235
2024-06-21,-0.012977291284088088
2024-06-24,-0.020637888082856493
2024-06-25,0.02962393469610647
2024-06-26,0.0056949769741962974
2024-06-27,-0.0025220979277951194
2024-06-28,-0.004247176831400856
2024-07-01,0.008452205891242626
2024-07-02,0.003210271058321501
2024-07-03,0.018853520746893837
2024-07-05,0.0006452218091139716
2024-07-08,0.003926603788451777
2024-07-09,0.009533109470327927
2024-07-10,0.016360454987836004
2024-07-11,-0.03270266421123669
2024-07-12,0.00481194167980048
2024-07-15,0.0036050877734676856
2024-07-16,-0.002146695510978236
2024-07-17,-0.02892278710085716
2024-07-18,0.004626183279094809
2024-07-19,-0.014355162772651697
2024-07-22,0.021401176294455482
2024-07-23,-0.004168936298379444
2024-07-24,-0.04174610590380878
2024-07-25,-0.008824934692414188
2024-07-26,0.008566383700044478
2024-07-29,-0.0029843011965133837
2024-07-30,-0.02163411084793132
2024-07-31,0.04682561764018489
2024-08-01,-0.028851691044510797
2024-08-02,-0.017298524672906268
2024-08-05,-0.04257507711089814
2024-08-06,0.016819502889313
2024-08-07,-0.01689470178104513
2024-08-08,0.032928460275868376
2024-08-09,0.00428389565990317
2024-08-12,0.013895516937749486
2024-08-13,0.030667919050489933
2024-08-14,0.00612176829120159
2024-08-15,0.023393283531144116
2024-08-16,0.004490480851587986
2024-08-19,0.020628028483332894
2024-08-20,-0.011632536688676698
2024-08-21,0.0036659914958558915
2024-08-22,-0.018441140708248427
2024-08-23,0.022491518094777563
2024-08-26,-0.00784169620485986
2024-08-27,0.0026837918237432312
2024-08-28,-0.01179332262409416
2024-08-29,-0.019521292364867104
2024-08-30,0.010346969440997
2024-09-03,-0.045396250541629546
2024-09-04,-0.007110726708909443
2024-09-05,0.004789727636677066
2024-09-06,-0.02808946980698035
2024-09-09,0.018246654993873568
2024-09-10,0.0009141089849538098
2024-09-11,0.032248036909633404
2024-09-12,0.013466612161206815
2024-09-13,0.0013551701865068821
2024-09-16,-0.005486463992799617
2024-09-17,-0.0002475871945315511
2024-09-18,-0.005873238649028445
2024-09-19,0.027643102823602828
2024-09-20,-0.006678128423035501
2024-09-23,0.004229302299573856
2024-09-24,0.013765529188183079
2024-09-25,0.005576753915652155
2024-09-26,-0.000962000646604122
2024-09-27,-0.0032082791778550446
2024-09-30,0.005398075292321058
2024-10-01,-0.014927734741338017
2024-10-02,0.005275734853128489
2024-10-03,0.011190222358643753
2024-10-04,0.015819010230728958
2024-10-07,-0.0011351914818642506
2024-10-08,0.015812239994638988
2024-10-09,0.001529024253346556
2024-10-10,0.006416629830108267
2024-10-11,0.0018749043875605498
2024-10-14,0.012376128477836312
2024-10-15,-0.026164616833242338
2024-10-16,0.011605672968134861
2024-10-17,0.0020857483631413487
2024-10-18,0.0048409952061294614
2024-10-21,0.015681632527226208
2024-10-22,0.003142899199071403
2024-10-23,-0.019221816664243052
2024-10-24,0.009591137118353243
2024-10-25,0.006780446717758792
2024-10-28,-0.001595948914274059
2024-10-29,0.003534650043763854
2024-10-30,-0.004209807910166896
2024-10-31,-0.031276756354438384
2024-11-01,0.008596241911634994
2024-11-04,-0.00027360350600524885
2024-11-05,0.017622407462678957
2024-11-06,0.04032155004823479
2024-11-07,0.014646493739465027
2024-11-08,-0.0008314476000170767
2024-11-11,-0.002834844692712446
2024-11-12,0.0057391128504553635
2024-11-13,-0.0043454115946941485
2024-11-14,-0.0035335574543784443
2024-11-15,-0.020321223922106002
2024-11-18,0.0002777253131167612
2024-11-19,0.01882412923321919
2024-11-20,-0.0009543881052433978
2024-11-21,-0.0008523502347499434
2024-11-22,-0.011123505305647097
2024-11-25,-0.01343551802503351
2024-11-26,0.005644170679161453
2024-11-27,-0.0070507943417968955
2024-11-29,0.01187894643227061
2024-12-02,0.007283593087986651
2024-12-03,0.006637956723981819
2024-12-04,0.013931463807804745
2024-12-05,-0.0006593467025486355
2024-12-06,-0.003478185808734824
2024-12-09,-0.009442274060091127
2024-12-10,-0.0040173648805624795
2024-12-11,0.018249852658842602
2024-12-12,-0.00993665850626635
2024-12-13,-0.009315886794277195
2024-12-16,-0.0008733561685410063
2024-12-17,-0.00441399651190677
2024-12-18,-0.02448069462185931
2024-12-19,0.0038819452175502533
2024-12-20,0.013123665480114788
2024-12-23,0.019245114558765097
2024-12-24,0.011106991699768365
2024-12-26,-0.0021971987840229135
2024-12-27,-0.01589519455966837
2024-12-30,-0.006375164230223662
2024-12-31,-0.011739022048306125
2025-01-02,0.006679969977097411
2025-01-03,0.026620039400002682
2025-01-06,0.019774315403170206
2025-01-07,-0.029156505792858445
2025-01-08,-0.0017618974194131276
2025-01-10,-0.016195244578018908
2025-01-13,-0.002162079135320627
2025-01-14,-0.00634300676676669
2025-01-15,0.029793381049056045
2025-01-16,-0.01732368746147972
2025-01-17,0.019125803024423904
2025-01-21,0.010010544752964146
2025-01-22,0.017579534481728
2025-01-23,0.004118698944808319
2025-01-24,-0.012473089923846326
2025-01-27,-0.061920031211259996
2025-01-28,0.0357825307107964
2025-01-29,-0.015704916920321388
2025-01-30,0.004398897502982502
2025-01-31,-0.013178397930717178
2025-02-03,-0.014635708504380895
2025-02-04,0.01546798846488362
2025-02-05,0.007443833359698004
2025-02-06,0.011604957955833939
2025-02-07,-0.005793757397270061
2025-02-10,0.011872404975757478
2025-02-11,-0.0022379898593141156
2025-02-12,-0.0071443828667588916
2025-02-13,0.01861391283043501
2025-02-14,0.00951043142270569
2025-02-18,-0.0017118427381856982
2025-02-19,0.001392748514612574
2025-02-20,-0.00317067172898966
2025-02-21,-0.02898378989558581
2025-02-24,-0.016339419011466738
2025-02-25,-0.01993112429729149
2025-02-26,0.010375277046786424
2025-02-27,-0.037856623740989304
2025-02-28,0.024354603523426333
2025-03-03,-0.0449677049483822
2025-03-04,-0.0005526427459394689
2025-03-05,0.009826529120254612
2025-03-06,-0.02694561613324231
2025-03-07,0.0074478978227230375
2025-03-10,-0.03964482046634632
2025-03-11,0.0021955683443324325
2025-03-12,0.026702684692823775
2025-03-13,-0.013621971375449404
2025-03-14,0.03501437697526155
2025-03-17,-0.005670679973389325
2025-03-18,-0.020249901253943325
2025-03-19,0.015374406567025822
2025-03-20,0.0036385503335838454
2025-03-21,0.0050430160308003735
2025-03-24,0.025760663456185107
2025-03-25,0.005105918845018653
2025-03-26,-0.027082122926301855
2025-03-27,-0.009947927633991882
2025-03-28,-0.022080031919143983
2025-03-31,-0.0013059271587901877
2025-04-01,0.010987174255048915
2025-04-02,0.004296314433114734
2025-04-03,-0.0619811419131171
2025-04-04,-0.06263902558660028
2025-04-07,0.0108481663889477
2025-04-08,-0.011646764442972857
2025-04-09,0.12958663462070996
2025-04-10,-0.04607368270036871
2025-04-11,0.024884145043379435
2025-04-14,-0.0027733261360460837
2025-04-15,-0.000407320255996102
2025-04-16,-0.0365640599436684
2025-04-17,-0.023670787886062916
2025-04-21,-0.03323383445858252
2025-04-22,0.025383528934901145
2025-04-23,0.02634103878263594
2025-04-24,0.02536621205242251
2025-04-25,0.02280228284807939
2025-04-28,-0.007184714397944325
2025-04-29,0.0021076507198720673
2025-04-30,-0.006410878558803512
2025-05-01,0.02005230437089911
2025-05-02,0.01658700985051098
2025-05-05,-0.008188792892121155
2025-05-06,-0.005632054299137379
2025-05-07,0.006510038834115273
2025-05-08,0.008413530271587089
2025-05-09,-0.00015841135718452914
2025-05-12,0.04573944302357891
2025-05-13,0.01995877512402866
2025-05-14,0.019899899953650824
2025-05-15,-0.007980180991066455
2025-05-16,0.004906322699342436
2025-05-19,-0.0003616871345589745
2025-05-20,-0.00641137429186045
2025-05-21,-0.0147841971217475
2025-05-22,0.004103933954873629
2025-05-23,-0.010052121123329871
2025-05-27,0.02607104322170617
2025-05-28,-0.00539001036744724
2025-05-29,0.01363349546667414
2025-05-30,-0.012368523329523762
2025-06-02,0.009941114814021823
2025-06-03,0.010392801874982815
2025-06-04,0.0017748231455669838
2025-06-05,-0.014070129084196026
2025-06-06,0.0176543371429283
2025-06-09,0.006528492384552997
2025-06-10,0.011366145667000671
2025-06-11,-0.0035868157243948984
2025-06-12,0.006440028164348632
2025-06-13,-0.009739257727697459
2025-06-16,0.015098685525949396
2025-06-17,-0.004114650428635347
2025-06-18,0.0036788933179074945
2025-06-20,-0.0073077835933405
2025-06-23,0.005360500430570347
2025-06-24,0.010445628127608408
2025-06-25,0.017132922096382952
2025-06-26,0.00973011383540534
2025-06-27,0.010214826419660872
2025-06-30,-0.00044137231971952406
2025-07-01,-0.013608462123159693
2025-07-02,0.013851823769301275
2025-07-03,0.01130196374657988
2025-07-07,-0.01054750216006728
2025-07-08,0.003929609690541458
2025-07-09,0.010632825888243547
2025-07-10,0.006770538851272212
2025-07-11,0.003363792427432122
2025-07-14,-0.0025023205034708784
2025-07-15,0.012704051628406487
2025-07-16,0.001371908773614594
2025-07-17,0.004962953144594717
2025-07-18,-0.002426097528071547
2025-07-21,0.0013284428669884107
2025-07-22,-0.010329480320813378
2025-07-23,0.013640951247661404
2025-07-24,0.005293962149997444
2025-07-25,0.0017047391924411848
2025-07-28,0.01048034395177977
2025-07-29,-0.006487920082299037
2025-07-30,0.008151215467606443
2025-07-31,0.003358343977290623
2025-08-01,-0.02548615972666457
2025-08-04,0.022423480140986163
2025-08-05,-0.0066701548268867095
2025-08-06,0.008377639210098486
2025-08-07,0.00185811060388974
2025-08-08,0.012372061812651491
2025-08-11,-0.0021277487598910794
2025-08-12,0.010164700874554233
2025-08-13,-0.003605517716495532
2025-08-14,0.003246258191704765
2025-08-15,-0.0020784990678207604
2025-08-18,0.00240935592446867
2025-08-19,-0.019797966710658255
2025-08-20,-0.004005140552383657
2025-08-21,-0.00230520756888708
2025-08-22,0.019927873471277335
2025-08-25,0.00481076913637235
2025-08-26,0.005510830301711511
2025-08-27,0.0013749505980340526
2025-08-28,0.0003870921261557303
2025-08-29,-0.01566187257162921
2025-09-02,-0.011240490632477451
2025-09-03,0.007075690135454282
2025-09-04,0.009377823655100093
2025-09-05,-0.015379538143712068
2025-09-08,0.003523906536006205
2025-09-09,0.013750853746238745
2025-09-10,0.012892755554551938
2025-09-11,0.005013773117866771
2025-09-12,0.007664584706954081
2025-09-15,0.008792550345016359
2025-09-16,-0.0023586330864987515
2025-09-17,-0.009499260044433355
2025-09-18,0.011843574022534664
2025-09-19,0.005581339567166221
2025-09-22,0.014742074090724033
2025-09-23,-0.013830244543394543
2025-09-24,-0.0015772617092199015
2025-09-25,-0.0019022569556066404
2025-09-26,0.00540868878259726
2025-09-29,0.0056972582141530115
2025-09-30,0.008105495272189733
2025-10-01,0.0009906574664324541
2025-10-02,0.0013972746637254119
2025-10-03,-0.0026326286913288532
2025-10-06,0.0027719795796121716
2025-10-07,-0.005739750261400611
2025-10-08,0.010283572434153232
2025-10-09,0.006306159994719396
2025-10-10,-0.037356808199424774
2025-10-13,0.02336227563297255
2025-10-14,-0.02147252116135101
2025-10-15,0.003846511772616079
2025-10-16,-0.0008163484278098654
2025-10-17,0.007851567741651744
2025-10-20,0.008188205461717724
2025-10-21,-0.005821188876272476
2025-10-22,-0.0027302235505946015
2025-10-23,0.007868107639180444
2025-10-24,0.01299262551021596
2025-10-27,0.022713891353869142
2025-10-28,0.022350949762870886
2025-10-29,0.015318516374073665
2025-10-30,-0.021529677811677805
2025-10-31,0.001361301843380458
2025-11-03,0.009982199569907202
2025-11-04,-0.02363851876632761
2025-11-05,-0.003077746049097607
2025-11-06,-0.02081578870402101
2025-11-07,-0.0008259314543647145
2025-11-10,0.03399582899592479
2025-11-11,-0.009971350771564191
2025-11-12,-0.0031206474003100393
2025-11-13,-0.025803765846260207
2025-11-14,0.005903720409771385
2025-11-17,-0.00930717019149796
2025-11-18,-0.01664243846636615
2025-11-19,0.012515775432757392
2025-11-20,-0.01927120242577185
2025-11-21,0.0013207391711336225
2025-11-24,0.02135902857377525
2025-11-25,-0.0041322637007503715
2025-11-26,0.007762461866189119
2025-11-28,-0.0008027385512222596
2025-12-01,0.0031840524727333452
2025-12-02,0.004286005360142342
2025-12-03,0.00040784765651502575
2025-12-04,0.009860216755958051
2025-12-05,-0.0006193067522827223
2025-12-08,0.0014007654557197657
2025-12-09,-0.0022439625156946974
2025-12-10,0.0016408266093943524
2025-12-11,-0.006160618527305539
2025-12-12,-0.014589150033812892
2025-12-15,0.002087207008826919
2025-12-16,0.0012967486476687107
2025-12-17,-0.020679872028111612
2025-12-18,0.013342849293798142
2025-12-19,0.01777837350849376
2025-12-22,0.009908440202144764
2025-12-23,0.016376695964846366
2025-12-24,0.0003011104246855023
2025-12-26,0.0021303044258775827
2025-12-29,-0.007328189139024555
2025-12-30,-0.0006402558096626487
2025-12-31,-0.00574687487837966
2026-01-02,0.004286667447496839
2026-01-05,0.006520844077072319
2026-01-06,-0.005887386002066175
2026-01-07,0.0007105751472602506
2026-01-08,-0.0027093859882258986
2026-01-09,0.0038510191187204335
2026-01-12,-0.0016752659946031034
2026-01-13,-0.001464776249840205
2026-01-14,-0.008759609706168847
2026-01-15,0.00723786051295372
2026-01-16,-0.002092791700547658
2026-01-20,-0.029405055461147467
2026-01-21,0.018334577891793602
2026-01-22,0.012471725486399077
2026-01-23,0.008863683061028915
2026-01-26,0.001416899721100151
2026-01-27,0.0029352883964761656
2026-01-28,0.0075908810307951935
2026-01-29,0.0057570350650681945
2026-01-30,-0.004081552913959952
2026-02-02,-0.01172216843632412
2026-02-03,-0.01053777346797602
2026-02-04,-0.015533535911544716
2026-02-05,-0.015055373054536414
2026-02-06,0.03356090521999855
2026-02-09,0.015037502836557914
2026-02-10,-0.006199132756450565
2026-02-11,0.0014475115697296648
2026-02-12,-0.01996628079253282
2026-02-13,-0.013066297141640648
2026-02-17,0.003201735951542828
2026-02-18,0.012791904872794468
2026-02-19,-0.0007763927077337751
2026-02-20,0.008574769950315808
2026-02-23,-0.0040620075913222475
2026-02-24,0.00435949657944068
2026-02-25,0.013506108691834884
2026-02-26,-0.025048554825815916
2026-02-27,-0.01726700679713955
2026-03-02,0.012096427617306338
2026-03-03,-0.008622153524754927
2026-03-04,0.009019462038665882
2026-03-05,-0.001277429234185612
2026-03-06,-0.018283377862580386
2026-03-09,0.014152111075423468
2026-03-10,0.0029871522189726107
2026-03-11,0.006851687619937374
2026-03-12,-0.013601606856354143
2026-03-13,-0.009538458068392264
2026-03-16,0.013716140889235229
2026-03-17,0.001476015345212911
2026-03-18,-0.01000082915599887
2026-03-19,-0.007308053610006526
2026-03-20,-0.019341941256896478
2026-03-23,0.013247374518080335
2026-03-24,-0.003247830994104972
2026-03-25,0.008155189744351699
2026-03-26,-0.027528193651712884
2026-03-27,-0.01666012077915624
2026-03-30,-0.004313393051722181
2026-03-31,0.039620082990022176
2026-04-01,0.0019733323507691303
2026-04-02,0.0006176585291126635
2026-04-06,0.0054069260262266106
2026-04-07,0.004618206380006873
2026-04-08,0.015425036966190131
2026-04-09,0.008490897821530563
2026-04-10,0.008424744072999868
2026-04-13,0.007340502249535419
2026-04-14,0.02274114724915499
2026-04-15,0.012744266213853273
2026-04-16,0.0030631061226942258
2026-04-17,0.009371474958471904
2026-04-20,-0.0010734424567689915
2026-04-21,-0.005869819763636763
2026-04-22,0.013352070059226673
2026-04-23,-0.010553689063446337
2026-04-24,0.02126988563720089
2026-04-27,0.01816907245889343
2026-04-28,-0.00422282333440227
2026-04-29,-0.005457320196508686
2026-04-30,-0.014106758683390508
2026-05-01,0.00035296450830002435
2026-05-04,-0.0007748655444781427
2026-05-05,-0.000984592429412956
2026-05-06,0.025616631601596662
2026-05-07,0.005727850775604448
2026-05-08,0.008184964039492648
2026-05-11,0.008079845368695882
2026-05-12,0.003496785024662996
2026-05-13,0.017835903897607475
2026-05-14,0.01874298421563947
2026-05-15,-0.017972249214483815
2026-05-18,-0.004945143278775155
2026-05-19,-0.008429138247455281
2026-05-20,0.005663492033614936
2026-05-21,-0.007210779659669764
2026-05-22,-0.006919148688085519
2026-05-26,-0.0034264058420504506
2026-05-27,-0.0029646494318240624
2026-05-28,0.0047631576373925455
2026-05-29,-0.008454298184269016
2026-06-01,0.020434085023609994
2026-06-02,-0.006917416640407348
2026-06-03,-0.015496812279145233
2026-06-04,0.016325274285930114
2026-06-05,-0.03753817865472242
2026-06-08,0.0064648457020948236
2026-06-09,-0.0067492896383988255
2026-06-10,-0.022358278929110353
2026-06-11,0.009421814782198279
2026-06-12,0.00280916452386637
2026-06-15,0.0195570035437711
2026-06-16,-0.0057634362260491345
2026-06-17,-0.017325766934960796
2026-06-18,0.012382921600036179
2026-06-22,-0.011636823824199727
2026-06-23,-0.01887087479256455
2026-06-24,-0.007605212209448653
2026-06-25,-0.013798372262941783
2026-06-26,-0.003263646072616533
2026-06-29,0.014565921385795821
2026-06-30,0.014478597179124586
2026-07-01,0.0068621760210290095
2026-07-02,-0.007874273152160827
2026-07-06,0.00883907334534606
2026-07-07,0.00820866131146869
2026-07-08,0.007500863826714443
2026-07-09,0.000590252702132199
2026-07-10,0.020093660897347876
2026-07-13,-0.012894863489796404
2026-07-14,0.020042211243676
2026-07-15,0.011549249882015555
2026-07-16,-0.015001008036922059
2026-07-17,-0.01454481989033507
2026-07-20,0.0012038881374620836
2026-07-21,0.011875937117368673
2026-07-22,0.006389340344519434
