date,portfolio_value
2021-01-04,1000000.0
2021-01-05,1010865.8131758318
2021-01-06,1006874.8136269309
2021-01-07,1038475.3282299426
2021-01-08,1050639.80904252
2021-01-11,1036135.0426680901
2021-01-12,1039270.9464219294
2021-01-13,1045499.0964600841
2021-01-14,1038163.8822555292
2021-01-15,1025017.6224252167
2021-01-19,1040572.7162756412
2021-01-20,1062858.4691833286
2021-01-21,1070431.3556693692
2021-01-22,1067653.4261812668
2021-01-25,1075423.3967654482
2021-01-26,1074590.0551578098
2021-01-27,1048559.1638499128
2021-01-28,1049043.6385874085
2021-01-29,1025306.348582586
2021-02-01,1049288.1021078818
2021-02-02,1067651.5134073347
2021-02-03,1076882.523618758
2021-02-04,1081914.848084226
2021-02-05,1087034.4998854515
2021-02-08,1100401.697120176
2021-02-09,1096621.5082980162
2021-02-10,1096716.5255830607
2021-02-11,1097200.3574267514
2021-02-12,1098781.6750405992
2021-02-16,1103921.9163872509
2021-02-17,1104162.159212582
2021-02-18,1098155.8893319587
2021-02-19,1092243.6030014805
2021-02-22,1074856.4513606792
2021-02-23,1076562.0569458597
2021-02-24,1092031.2324526075
2021-02-25,1053172.2236111406
2021-02-26,1054025.6145251475
2021-03-01,1083512.9390212884
2021-03-02,1067007.7174711777
2021-03-03,1048290.5527294565
2021-03-04,1043777.5691624309
2021-03-05,1060863.321147514
2021-03-08,1035883.8146273032
2021-03-09,1071353.4051152477
2021-03-10,1074466.3599416183
2021-03-11,1094544.8437849993
2021-03-12,1089893.6820116562
2021-03-15,1093147.1185670956
2021-03-16,1091875.3525691428
2021-03-17,1098982.7847653122
2021-03-18,1071109.7897155064
2021-03-19,1075988.8603880636
2021-03-22,1084115.3998322159
2021-03-23,1080176.1597236306
2021-03-24,1068697.6793274847
2021-03-25,1066956.9602348208
2021-03-26,1077345.3742113411
2021-03-29,1079645.217856032
2021-03-30,1076152.2533183622
2021-03-31,1088000.0703397882
2021-04-01,1105480.1601440334
2021-04-05,1126578.528646225
2021-04-06,1120809.964337994
2021-04-07,1131287.7852307137
2021-04-08,1137566.5761972505
2021-04-09,1147654.1938069158
2021-04-12,1153107.7632282285
2021-04-13,1167681.4682598352
2021-04-14,1153838.621526181
2021-04-15,1174904.8881375273
2021-04-16,1173922.0144450297
2021-04-19,1162659.8120852143
2021-04-20,1154887.0563097217
2021-04-21,1164941.658984195
2021-04-22,1144932.6143532367
2021-04-23,1162650.6322603084
2021-04-26,1168689.9947372933
2021-04-27,1164626.40751728
2021-04-28,1169894.7665956938
2021-04-29,1183958.4743631356
2021-04-30,1174173.680584863
2021-05-03,1171657.0663825325
2021-05-04,1159065.8170502777
2021-05-05,1163363.4281386551
2021-05-06,1174585.3458092422
2021-05-07,1183194.3139429293
2021-05-10,1157799.7128579332
2021-05-11,1145647.9542476705
2021-05-12,1122282.217870894
2021-05-13,1127948.496703502
2021-05-14,1153897.539380347
2021-05-17,1154903.2117063287
2021-05-18,1141321.7097335653
2021-05-19,1136883.3194782159
2021-05-20,1151429.675042204
2021-05-21,1150955.4177138128
2021-05-24,1173616.401717956
2021-05-25,1171536.5548717626
2021-05-26,1176643.0907200247
2021-05-27,1175117.2706315038
2021-05-28,1176929.7130588286
2021-06-01,1182172.9654329172
2021-06-02,1184904.1079644368
2021-06-03,1177356.9170957624
2021-06-04,1194848.6901602685
2021-06-07,1196788.6878302786
2021-06-08,1198774.8675413583
2021-06-09,1197426.5284896735
2021-06-10,1203246.2358508976
2021-06-11,1204145.389249087
2021-06-14,1212261.7305253698
2021-06-15,1209433.270566958
2021-06-16,1207882.8431647806
2021-06-17,1215467.2770415596
2021-06-18,1201098.340135402
2021-06-21,1213935.9828535067
2021-06-22,1228175.1048673627
2021-06-23,1234943.399406623
2021-06-24,1242087.5566322003
2021-06-25,1239845.7559145438
2021-06-28,1254222.6255810088
2021-06-29,1252231.6314788617
2021-06-30,1253087.1492711147
2021-07-01,1260644.1285025976
2021-07-02,1274519.6924411796
2021-07-06,1274287.5972070675
2021-07-07,1271066.8109217184
2021-07-08,1260744.180969772
2021-07-09,1273313.8969561246
2021-07-12,1285492.2947014633
2021-07-13,1280541.4849543155
2021-07-14,1273408.4090217093
2021-07-15,1261319.9972769227
2021-07-16,1242450.728083105
2021-07-19,1225610.8333664532
2021-07-20,1239465.8394616796
2021-07-21,1256353.9381008465
2021-07-22,1261864.6318477527
2021-07-23,1276747.4205007812
2021-07-26,1283460.1774159288
2021-07-27,1270329.7409187166
2021-07-28,1277826.5477575983
2021-07-29,1280615.2276041158
2021-07-30,1265314.5292459691
2021-08-02,1269152.9712622701
2021-08-03,1278629.842068033
2021-08-04,1278783.248458041
2021-08-05,1286472.268086512
2021-08-06,1286632.2681838227
2021-08-09,1285093.7960830943
2021-08-10,1283880.359971902
2021-08-11,1281064.8768856584
2021-08-12,1290373.1192309207
2021-08-13,1292058.5014897685
2021-08-16,1289687.2177464268
2021-08-17,1273795.1668858738
2021-08-18,1260799.9332785862
2021-08-19,1265039.7982670728
2021-08-20,1283300.0445063731
2021-08-23,1309297.2297313875
2021-08-24,1312157.9597924743
2021-08-25,1318110.395869368
2021-08-26,1309884.5993535253
2021-08-27,1328178.5717961425
2021-08-30,1338613.9941316
2021-08-31,1333794.6292387128
2021-09-01,1334586.196028815
2021-09-02,1335068.641674869
2021-09-03,1338938.6322843868
2021-09-07,1343927.6667272372
2021-09-08,1334969.0172854222
2021-09-09,1330798.608852587
2021-09-10,1318157.617451138
2021-09-13,1326735.669141585
2021-09-14,1323013.9996258768
2021-09-15,1337345.1552301804
2021-09-16,1334100.9232836652
2021-09-17,1319038.8775763456
2021-09-20,1285213.2702599477
2021-09-21,1288533.0612147048
2021-09-22,1301752.313363126
2021-09-23,1319351.113522949
2021-09-24,1325684.2857393222
2021-09-27,1326467.702186274
2021-09-28,1294844.579174521
2021-09-29,1292654.0807733983
2021-09-30,1282706.669527746
2021-10-01,1300293.2219854228
2021-10-04,1275722.2592123917
2021-10-05,1295254.3204918397
2021-10-06,1301157.5627783334
2021-10-07,1313184.543937943
2021-10-08,1315461.2867094455
2021-10-11,1305418.4625990666
2021-10-12,1299685.4438656983
2021-10-13,1302453.5949087034
2021-10-14,1330122.6814590443
2021-10-15,1344458.8801373465
2021-10-18,1359297.677319976
2021-10-19,1367294.4525716407
2021-10-20,1369595.478389014
2021-10-21,1378905.4978110336
2021-10-22,1370344.667259798
2021-10-25,1392388.5071596578
2021-10-26,1409527.4051619428
2021-10-27,1415460.4230183787
2021-10-28,1434101.6369345633
2021-10-29,1449321.8655881004
2021-11-01,1458998.3373847906
2021-11-02,1460196.9165961668
2021-11-03,1473214.9846278059
2021-11-04,1506222.6536018308
2021-11-05,1510048.8130417075
2021-11-08,1512639.7858651422
2021-11-09,1494689.7608208456
2021-11-10,1472958.491028138
2021-11-11,1479332.9702354742
2021-11-12,1487355.4734880335
2021-11-15,1483188.9921279398
2021-11-16,1490390.1649355618
2021-11-17,1486850.8248874126
2021-11-18,1513805.0504156877
2021-11-19,1521108.75584087
2021-11-22,1511147.5462330116
2021-11-23,1510648.385686468
2021-11-24,1521720.48013541
2021-11-26,1477654.174705255
2021-11-29,1516669.6576406548
2021-11-30,1493882.4416491867
2021-12-01,1467993.7483116318
2021-12-02,1479725.5158594842
2021-12-03,1448824.6586108287
2021-12-06,1460215.6019732486
2021-12-07,1507595.9923176148
2021-12-08,1512506.6244317358
2021-12-09,1491452.9169563432
2021-12-10,1500303.5312987948
2021-12-13,1465960.1873226946
2021-12-14,1458338.018043772
2021-12-15,1494917.2067703262
2021-12-16,1456599.7899662976
2021-12-17,1440610.8430740219
2021-12-20,1422043.4836774927
2021-12-21,1457316.8138998034
2021-12-22,1480396.0962474877
2021-12-23,1494658.5839135456
2021-12-27,1523544.392367237
2021-12-28,1516777.0506736815
2021-12-29,1511555.3934867342
2021-12-30,1502412.8624156746
2021-12-31,1491841.895211619
2022-01-03,1531651.0001846803
2022-01-04,1518537.3468126608
2022-01-05,1472668.638000169
2022-01-06,1472397.2607201785
2022-01-07,1458361.301040504
2022-01-10,1464721.5583408051
2022-01-11,1486017.9166680134
2022-01-12,1498075.4451499104
2022-01-13,1456516.604890714
2022-01-14,1463672.7947760487
2022-01-18,1431353.8763245882
2022-01-19,1414209.70760497
2022-01-20,1398535.732274768
2022-01-21,1361697.6357563762
2022-01-24,1364896.8541288183
2022-01-25,1344893.9907969767
2022-01-26,1354223.4380185644
2022-01-27,1335577.5591508914
2022-01-28,1370475.2718207566
2022-01-31,1415468.721169132
2022-02-01,1433920.360012101
2022-02-02,1453049.589133135
2022-02-03,1387660.8805951811
2022-02-04,1414593.126963633
2022-02-07,1406639.1839150016
2022-02-08,1416070.7197492782
2022-02-09,1441545.091367552
2022-02-10,1411654.0393842205
2022-02-11,1374291.2373221118
2022-02-14,1375540.2720108852
2022-02-15,1408220.5550331862
2022-02-16,1410461.6756202101
2022-02-17,1364268.8147715107
2022-02-18,1345742.0086049822
2022-02-22,1328748.1825940572
2022-02-23,1296507.1167096903
2022-02-24,1327084.698842114
2022-02-25,1352843.9829353162
2022-02-28,1361014.8759160254
2022-03-01,1342167.1608006265
2022-03-02,1366409.3196056872
2022-03-03,1350306.2537955127
2022-03-04,1342426.9085565845
2022-03-07,1301560.9364014813
2022-03-08,1300702.5467462451
2022-03-09,1334290.4853974814
2022-03-10,1333356.5643728755
2022-03-11,1305453.1625846932
2022-03-14,1278165.8191323886
2022-03-15,1306005.0092817456
2022-03-16,1346595.3845401355
2022-03-17,1368234.536221647
2022-03-18,1398055.5433965817
2022-03-21,1410334.895886816
2022-03-22,1432899.33154805
2022-03-23,1422209.3118629754
2022-03-24,1459202.0238108938
2022-03-25,1462815.9505126742
2022-03-28,1477970.2860616632
2022-03-29,1489316.4948090704
2022-03-30,1482294.178377007
2022-03-31,1454794.4078618297
2022-04-01,1455491.610364175
2022-04-04,1484050.3375990614
2022-04-05,1454816.957843588
2022-04-06,1422889.3391092238
2022-04-07,1427355.137581456
2022-04-08,1414951.930989813
2022-04-11,1370104.2242978506
2022-04-12,1368340.9076725957
2022-04-13,1389656.2041159275
2022-04-14,1362895.9384507125
2022-04-18,1375267.0146880583
2022-04-19,1395422.9170261414
2022-04-20,1375504.490329125
2022-04-21,1349059.9484332746
2022-04-22,1313937.7603260684
2022-04-25,1319533.3865679095
2022-04-26,1267123.1312066866
2022-04-27,1267548.3208348416
2022-04-28,1317586.6541823682
2022-04-29,1264184.4012582637
2022-05-02,1288301.1511438065
2022-05-03,1296964.9788253563
2022-05-04,1343149.5021949739
2022-05-05,1279595.9588928744
2022-05-06,1277868.6415489481
2022-05-09,1210767.4653140926
2022-05-10,1223878.660619605
2022-05-11,1194060.8710034157
2022-05-12,1184106.3627866688
2022-05-13,1227497.1910464503
2022-05-16,1220025.0530575719
2022-05-17,1250850.786274094
2022-05-18,1196056.517857477
2022-05-19,1194198.1544888504
2022-05-20,1187062.3859421322
2022-05-23,1215306.513960724
2022-05-24,1190856.879636744
2022-05-25,1211077.1853928918
2022-05-26,1240395.693739585
2022-05-27,1277329.005325832
2022-05-31,1272749.826880638
2022-06-01,1268644.1860043702
2022-06-02,1297774.5189599935
2022-06-03,1266357.6992103637
2022-06-06,1274194.8862209625
2022-06-07,1293169.456824116
2022-06-08,1290462.7018120226
2022-06-09,1258323.6624960834
2022-06-10,1214756.167701648
2022-06-13,1155946.933824247
2022-06-14,1157302.5012708548
2022-06-15,1180711.0559583283
2022-06-16,1135418.3992357855
2022-06-17,1130153.7335945477
2022-06-21,1178643.954643972
2022-06-22,1168388.208036596
2022-06-23,1171019.7749141674
2022-06-24,1208439.6718873775
2022-06-27,1207798.1544253763
2022-06-28,1184225.503978499
2022-06-29,1176979.3321922338
2022-06-30,1153669.881600548
2022-07-01,1161630.6391997447
2022-07-05,1170637.85180442
2022-07-06,1174935.650311992
2022-07-07,1205527.8315990746
2022-07-08,1209111.0556215092
2022-07-11,1181462.8619362128
2022-07-12,1169146.015861627
2022-07-13,1164562.4406363154
2022-07-14,1159259.5492335472
2022-07-15,1187208.831308614
2022-07-18,1184396.0976332899
2022-07-19,1222366.6481366926
2022-07-20,1236383.636125343
2022-07-21,1250523.5555716609
2022-07-22,1225555.3854528915
2022-07-25,1228220.2166181386
2022-07-26,1204818.3445245307
2022-07-27,1257384.1113403449
2022-07-28,1268688.521438226
2022-07-29,1304470.1688909214
2022-08-01,1294097.0114985437
2022-08-02,1290560.7157783888
2022-08-03,1309006.0729373626
2022-08-04,1301910.1309345881
2022-08-05,1294522.2635790096
2022-08-08,1285417.157177961
2022-08-09,1280992.376176705
2022-08-10,1314950.2607637323
2022-08-11,1313359.584167853
2022-08-12,1343013.7106882646
2022-08-15,1347369.3413049986
2022-08-16,1343763.0006476047
2022-08-17,1334250.0892589847
2022-08-18,1342080.1382088314
2022-08-19,1317679.6356875338
2022-08-22,1290357.1249326796
2022-08-23,1299388.1631776327
2022-08-24,1302568.3354488513
2022-08-25,1323594.6485434833
2022-08-26,1273612.2088138044
2022-08-29,1268896.3936106628
2022-08-30,1246417.895745429
2022-08-31,1237274.7265899698
2022-09-01,1229956.3313984142
2022-09-02,1218561.6624490537
2022-09-06,1212572.7725303285
2022-09-07,1228384.8447948133
2022-09-08,1237384.6304653436
2022-09-09,1261397.2100819752
2022-09-12,1278294.3206478877
2022-09-13,1214349.200656468
2022-09-14,1225866.4832693152
2022-09-15,1212585.211080123
2022-09-16,1204322.3783644256
2022-09-19,1214207.037863213
2022-09-20,1204749.3891144332
2022-09-21,1182249.6322304064
2022-09-22,1172057.9171088552
2022-09-23,1142732.358414103
2022-09-26,1131391.6339349388
2022-09-27,1137831.3393125383
2022-09-28,1162513.3971720936
2022-09-29,1132613.2129092785
2022-09-30,1115732.9922600857
2022-10-03,1140441.4431010804
2022-10-04,1177628.0441667985
2022-10-05,1184109.5916155428
2022-10-06,1183676.9574265957
2022-10-07,1141833.2111988734
2022-10-10,1126872.0639266793
2022-10-11,1112520.6903948265
2022-10-12,1114878.1398793198
2022-10-13,1147193.997559826
2022-10-14,1116130.4321924853
2022-10-17,1155652.0704488182
2022-10-18,1163253.147569157
2022-10-19,1167205.2349050357
2022-10-20,1161797.8772778665
2022-10-21,1189945.3322899663
2022-10-24,1199943.861084546
2022-10-25,1217060.1437365515
2022-10-26,1192181.241589913
2022-10-27,1171969.8841839666
2022-10-28,1203963.1828678357
2022-10-31,1193719.5903284163
2022-11-01,1185283.096877616
2022-11-02,1152465.3638843107
2022-11-03,1144313.782264678
2022-11-04,1159747.5569153714
2022-11-07,1170257.974256163
2022-11-08,1174506.847744164
2022-11-09,1136006.7822588638
2022-11-10,1202333.1062393049
2022-11-11,1221751.9424005821
2022-11-14,1211190.5701783078
2022-11-15,1219603.097035622
2022-11-16,1207275.3747394236
2022-11-17,1203807.708631265
2022-11-18,1202256.073401127
2022-11-21,1182954.4688187684
2022-11-22,1207058.7064822393
2022-11-23,1222232.226166599
2022-11-25,1217386.7198776356
2022-11-28,1193417.2826753077
2022-11-29,1188911.6643839625
2022-11-30,1238538.3261952975
2022-12-01,1234139.344828815
2022-12-02,1228484.1096857702
2022-12-05,1203191.667735654
2022-12-06,1177892.5886333508
2022-12-07,1172706.4390389207
2022-12-08,1188188.460786135
2022-12-09,1180796.3689311584
2022-12-12,1196886.9294641288
2022-12-13,1207652.408264642
2022-12-14,1197971.7149321535
2022-12-15,1166230.637189185
2022-12-16,1153021.5913860388
2022-12-19,1142868.7981938135
2022-12-20,1142579.4929397572
2022-12-21,1159021.4783894306
2022-12-22,1127534.7975858308
2022-12-23,1137746.1216304032
2022-12-27,1122074.2751234416
2022-12-28,1110582.314012793
2022-12-29,1133741.851568083
2022-12-30,1137493.374274565
2023-01-03,1116293.6694916761
2023-01-04,1115069.3501724948
2023-01-05,1104244.1464709188
2023-01-06,1124760.2533980822
2023-01-09,1130275.8570449832
2023-01-10,1140810.3400293658
2023-01-11,1161984.5241415992
2023-01-12,1173788.7402197297
2023-01-13,1181705.000538348
2023-01-17,1186384.6903237954
2023-01-18,1166309.5218452069
2023-01-19,1164221.88774717
2023-01-20,1196472.9515749959
2023-01-23,1218388.0448246074
2023-01-24,1222122.9463679292
2023-01-25,1217887.895344374
2023-01-26,1252079.9294889336
2023-01-27,1263614.5038793967
2023-01-30,1232812.5676057937
2023-01-31,1257453.7921154639
2023-02-01,1275082.2082264393
2023-02-02,1302318.336158349
2023-02-03,1292303.9315561177
2023-02-06,1289310.950787596
2023-02-07,1323708.0661059178
2023-02-08,1307699.8768734357
2023-02-09,1300677.5619123902
2023-02-10,1301786.2168723005
2023-02-13,1314530.719158295
2023-02-14,1325757.432213812
2023-02-15,1328656.294762325
2023-02-16,1304156.0824025758
2023-02-17,1289318.202658195
2023-02-21,1263811.9970513883
2023-02-22,1260560.8209203877
2023-02-23,1289150.1744839866
2023-02-24,1274242.1147457976
2023-02-27,1282604.869614542
2023-02-28,1278538.4839945785
2023-03-01,1270478.3275317417
2023-03-02,1276174.012395089
2023-03-03,1303235.512787274
2023-03-06,1305450.2776322009
2023-03-07,1284699.500448758
2023-03-08,1284788.4796197612
2023-03-09,1258163.2861039913
2023-03-10,1245989.9176249697
2023-03-13,1248240.14941665
2023-03-14,1279031.4485109483
2023-03-15,1266936.5546174564
2023-03-16,1298192.8130923614
2023-03-17,1288046.419850733
2023-03-20,1299067.057707054
2023-03-21,1333278.178525447
2023-03-22,1316219.4809894308
2023-03-23,1324710.243894493
2023-03-24,1323791.0259537112
2023-03-27,1325132.5545099925
2023-03-28,1320255.167538598
2023-03-29,1338914.4490709056
2023-03-30,1349001.5725946561
2023-03-31,1369147.3851170011
2023-04-03,1390039.0253724146
2023-04-04,1382053.1240947573
2023-04-05,1378855.070694122
2023-04-06,1386600.6822584744
2023-04-10,1384383.5394473232
2023-04-11,1379555.553957248
2023-04-12,1369245.1622378016
2023-04-13,1390270.2181348065
2023-04-14,1397107.1185970397
2023-04-17,1392300.2886528987
2023-04-18,1401773.8842102583
2023-04-19,1396742.0522950396
2023-04-20,1378853.9811542102
2023-04-21,1380123.932738859
2023-04-24,1384549.7294908368
2023-04-25,1360535.6860165366
2023-04-26,1366941.8860873058
2023-04-27,1405572.4780016479
2023-04-28,1416557.211982082
2023-05-01,1416063.4925856737
2023-05-02,1391673.2546285628
2023-05-03,1377159.4156202942
2023-05-04,1365533.5760072942
2023-05-05,1399427.6879432956
2023-05-08,1406527.6061092261
2023-05-09,1397785.4934591916
2023-05-10,1407272.4194909998
2023-05-11,1407362.304837941
2023-05-12,1400772.9268761585
2023-05-15,1406148.977322078
2023-05-16,1404341.602518401
2023-05-17,1432064.0891900365
2023-05-18,1456153.148080861
2023-05-19,1453534.731219137
2023-05-22,1455966.9378026167
2023-05-23,1444916.2011070347
2023-05-24,1444807.4350265583
2023-05-25,1506214.4255945324
2023-05-26,1530697.622319477
2023-05-30,1541060.6000617512
2023-05-31,1518309.6967021993
2023-06-01,1550735.8376184218
2023-06-02,1564738.2435206186
2023-06-05,1563122.4183561045
2023-06-06,1560975.2259974258
2023-06-07,1541642.255642387
2023-06-08,1560167.87009558
2023-06-09,1565904.462549644
2023-06-12,1581112.4401509468
2023-06-13,1598224.440201933
2023-06-14,1601693.990566762
2023-06-15,1616281.4216509883
2023-06-16,1607688.0138364078
2023-06-20,1617007.193515603
2023-06-21,1602639.429588538
2023-06-22,1614236.238340363
2023-06-23,1598569.7324855693
2023-06-26,1572308.6027892828
2023-06-27,1596660.5191785567
2023-06-28,1595650.8939711591
2023-06-29,1598672.1973218468
2023-06-30,1626461.691817786
2023-07-03,1632883.1022939424
2023-07-05,1633488.8470650306
2023-07-06,1614636.9996800423
2023-07-07,1612971.0948321763
2023-07-10,1605785.9887726132
2023-07-11,1616219.383494283
2023-07-12,1638280.1410531367
2023-07-13,1664122.8269361386
2023-07-14,1663213.4513922038
2023-07-17,1681815.093853755
2023-07-18,1699939.265874871
2023-07-19,1699450.9063286847
2023-07-20,1665438.4887514035
2023-07-21,1651459.886375533
2023-07-24,1666429.3016262855
2023-07-25,1678612.6664485498
2023-07-26,1678414.8098622542
2023-07-27,1677647.4600596307
2023-07-28,1702156.049319653
2023-07-31,1710515.969854615
2023-08-01,1701838.8125566163
2023-08-02,1661260.228757334
2023-08-03,1669665.5673237618
2023-08-04,1667286.810520297
2023-08-07,1680766.175908547
2023-08-08,1669323.0437484605
2023-08-09,1643005.3949935515
2023-08-10,1645587.389418295
2023-08-11,1636870.7751434217
2023-08-14,1667044.0715198526
2023-08-15,1645476.3996471683
2023-08-16,1625755.4768253271
2023-08-17,1617112.185350437
2023-08-18,1617507.9332701857
2023-08-21,1656662.5197087745
2023-08-22,1642677.4531044622
2023-08-23,1664924.2377253675
2023-08-24,1644654.9321534527
2023-08-25,1648456.0318722734
2023-08-28,1662935.0085101048
2023-08-29,1702050.543292035
2023-08-30,1711113.983837377
2023-08-31,1709303.46763738
2023-09-01,1705468.0986269538
2023-09-05,1713960.991172712
2023-09-06,1693338.4561060178
2023-09-07,1683338.459648011
2023-09-08,1684758.314008967
2023-09-11,1698165.9109518963
2023-09-12,1693642.5846241591
2023-09-13,1702595.5453928981
2023-09-14,1720952.6168423768
2023-09-15,1690674.9843558357
2023-09-18,1693364.6456052975
2023-09-19,1687780.567885364
2023-09-20,1661737.96252658
2023-09-21,1635941.4539919882
2023-09-22,1637162.169467933
2023-09-25,1652342.105943619
2023-09-26,1633798.7907912994
2023-09-27,1648047.70406945
2023-09-28,1661637.4225750212
2023-09-29,1656277.441292615
2023-10-02,1675952.2864402188
2023-10-03,1650122.600874808
2023-10-04,1659256.6790703407
2023-10-05,1659118.078274119
2023-10-06,1680882.3637633154
2023-10-09,1691865.0232861328
2023-10-10,1696804.9562577414
2023-10-11,1703445.618753289
2023-10-12,1700128.4826260826
2023-10-13,1690825.578860856
2023-10-16,1704862.422542615
2023-10-17,1691591.80452069
2023-10-18,1667253.9885870777
2023-10-19,1654237.716792699
2023-10-20,1626484.0633005702
2023-10-23,1636154.718885721
2023-10-24,1645819.8528894463
2023-10-25,1609464.0495837512
2023-10-26,1574205.5059344391
2023-10-27,1575159.88246502
2023-10-30,1593239.620971458
2023-10-31,1594786.3071739953
2023-11-01,1622116.0343480671
2023-11-02,1654771.3599628475
2023-11-03,1667982.299282305
2023-11-06,1676166.36266655
2023-11-07,1683374.7756702376
2023-11-08,1687942.3215742253
2023-11-09,1682158.855927518
2023-11-10,1714515.300426065
2023-11-13,1719532.3211075906
2023-11-14,1746056.7622536968
2023-11-15,1739909.733686613
2023-11-16,1746627.3643929947
2023-11-17,1749456.498277984
2023-11-20,1765752.0192816309
2023-11-21,1761072.9028198044
2023-11-22,1757111.766444159
2023-11-24,1748621.4600415695
2023-11-27,1748817.4817612504
2023-11-28,1753682.2338305418
2023-11-29,1741637.3383619234
2023-11-30,1733081.1704766192
2023-12-01,1730588.1801702774
2023-12-04,1709333.438915715
2023-12-05,1721188.5620792864
2023-12-06,1702482.542032056
2023-12-07,1725755.9765093673
2023-12-08,1741317.3507825076
2023-12-11,1722712.2300327157
2023-12-12,1733067.6566949731
2023-12-13,1744795.912618747
2023-12-14,1751009.06926652
2023-12-15,1759270.9986769448
2023-12-18,1778796.0516621964
2023-12-19,1786207.944847242
2023-12-20,1759464.0632714212
2023-12-21,1779010.5666702988
2023-12-22,1777875.807132887
2023-12-26,1784555.2956155154
2023-12-27,1787512.031556144
2023-12-28,1783238.3845755786
2023-12-29,1777406.243893074
2024-01-02,1765398.699961869
2024-01-03,1757296.1837435325
2024-01-04,1752392.2756894275
2024-01-05,1760601.8203007693
2024-01-08,1796002.0704713983
2024-01-09,1800055.55206636
2024-01-10,1818273.8031208094
2024-01-11,1819831.8322930504
2024-01-12,1816735.548066657
2024-01-16,1817424.611600106
2024-01-17,1809230.8856181344
2024-01-18,1826097.0542537814
2024-01-19,1855366.4202622245
2024-01-22,1856888.9437205344
2024-01-23,1866888.1401169107
2024-01-24,1888702.511549091
2024-01-25,1889436.2527217253
2024-01-26,1889721.5800660036
2024-01-29,1912606.9354584937
2024-01-30,1915188.7927525006
2024-01-31,1871750.8801758112
2024-02-01,1891158.356963624
2024-02-02,1957167.596576039
2024-02-05,1968654.6442198919
2024-02-06,1965799.6467047187
2024-02-07,1996151.22564327
2024-02-08,1997256.9462827584
2024-02-09,2020941.3276625786
2024-02-12,2017372.3184702771
2024-02-13,1996521.0389486533
2024-02-14,2020612.6865667433
2024-02-15,2026456.6450333204
2024-02-16,2016202.4696500562
2024-02-20,1984637.2715832773
2024-02-21,1978754.486026194
2024-02-22,2085777.2750623506
2024-02-23,2081390.5175325589
2024-02-26,2075750.1403345922
2024-02-27,2072692.1482821596
2024-02-28,2057704.325651309
2024-02-29,2078548.74118021
2024-03-01,2108783.5196522283
2024-03-04,2110060.175635688
2024-03-05,2099538.9906036374
2024-03-06,2121828.5784968077
2024-03-07,2169856.1881644
2024-03-08,2130140.9843494813
2024-03-11,2116293.3532294733
2024-03-12,2177179.654475354
2024-03-13,2169261.0713500115
2024-03-14,2156678.176186465
2024-03-15,2146040.984039264
2024-03-18,2172408.844735609
2024-03-19,2187304.7374551515
2024-03-20,2209431.816933764
2024-03-21,2215114.1842255723
2024-03-22,2238721.908213845
2024-03-25,2238679.31461764
2024-03-26,2218111.399840256
2024-03-27,2211313.87711463
2024-03-28,2210702.6640090276
2024-04-01,2218401.543433519
2024-04-02,2203314.1113709537
2024-04-03,2205505.170764733
2024-04-04,2174882.0735463924
2024-04-05,2210452.2477149493
2024-04-08,2204247.1680033547
2024-04-09,2197164.5266619404
2024-04-10,2204221.158929879
2024-04-11,2243958.4171341807
2024-04-12,2198531.3593986672
2024-04-15,2161807.314634641
2024-04-16,2170147.8044002834
2024-04-17,2141355.9730029404
2024-04-18,2146755.7320153043
2024-04-19,2074103.6219527116
2024-04-22,2105437.915678388
2024-04-23,2143956.7001103503
2024-04-24,2131917.879648877
2024-04-25,2131898.7932440317
2024-04-26,2187224.662309354
2024-04-29,2192101.7722693286
2024-04-30,2153411.5527057615
2024-05-01,2129339.8235005722
2024-05-02,2165649.0327620367
2024-05-03,2204818.7698914446
2024-05-06,2245465.824145415
2024-05-07,2233826.9716538945
2024-05-08,2235318.5380771826
2024-05-09,2235527.2294376194
2024-05-10,2241890.3945397614
2024-05-13,2245797.082886428
2024-05-14,2265882.607556134
2024-05-15,2304304.6043220577
2024-05-16,2298490.876141298
2024-05-17,2295201.7373562106
2024-05-20,2301239.550805335
2024-05-21,2315758.8670400293
2024-05-22,2300422.5002254215
2024-05-23,2347191.310089864
2024-05-24,2380383.9762130845
2024-05-28,2441019.3065679953
2024-05-29,2434476.439609506
2024-05-30,2388761.155929906
2024-05-31,2397527.8634700817
2024-06-03,2436439.00173393
2024-06-04,2444517.964109737
2024-06-05,2504159.1446309085
2024-06-06,2498584.6495266994
2024-06-07,2491655.566964427
2024-06-10,2504070.385929965
2024-06-11,2506482.050066709
2024-06-12,2545397.677686858
2024-06-13,2576311.0748942597
2024-06-14,2590359.623127293
2024-06-17,2592302.7335096328
2024-06-18,2619790.2636940177
2024-06-20,2591210.649180593
2024-06-21,2557583.7538077454
2024-06-24,2504800.626534129
2024-06-25,2579002.676721343
2024-06-26,2593690.0375816617
2024-06-27,2587148.497312534
2024-06-28,2576160.420155355
2024-07-01,2597934.658435378
2024-07-02,2606274.7328807637
2024-07-03,2655412.1876292364
2024-07-05,2657125.517484882
2024-07-08,2667558.99660823
2024-07-09,2692989.128541454
2024-07-10,2737047.6559616886
2024-07-11,2647538.905538621
2024-07-12,2660278.7083470756
2024-07-15,2669869.246592554
2024-07-16,2664137.8502659947
2024-07-17,2587083.558415416
2024-07-18,2599051.881114979
2024-07-19,2561742.0683070067
2024-07-22,2616566.361931768
2024-07-23,2605658.063448392
2024-07-24,2496881.985982562
2024-07-25,2474847.1655216003
2024-07-26,2496047.655940426
2024-07-29,2488598.6979342485
2024-07-30,2434760.0778471213
2024-07-31,2548769.222297977
2024-08-01,2475232.920152478
2024-08-02,2432415.0424120305
2024-08-05,2328854.7844156297
2024-08-06,2368024.964190899
2024-08-07,2328017.8886108235
2024-08-08,2404675.9331774563
2024-08-09,2414977.3139710687
2024-08-12,2448534.6721416344
2024-08-13,2523626.135259192
2024-08-14,2539075.1897128695
2024-08-15,2598472.495532716
2024-08-16,2610140.886517284
2024-08-19,2663982.947069874
2024-08-20,2632994.0677000745
2024-08-21,2642646.601560902
2024-08-22,2593913.1837393427
2024-08-23,2652254.2290476984
2024-08-26,2631456.0571254515
2024-08-27,2638518.3373761047
2024-08-28,2607401.4393738396
2024-08-29,2556501.5935632475
2024-08-30,2582953.6374277063
2024-09-03,2465697.226965625
2024-09-04,2448164.3278377564
2024-09-05,2459890.368177928
2024-09-06,2390793.3519525123
2024-09-09,2434417.3334072363
2024-09-10,2436642.656164831
2024-09-11,2515219.5984764216
2024-09-12,2549091.08530937
2024-09-13,2552545.5375508717
2024-09-16,2538541.0883691176
2024-09-17,2537912.5781028452
2024-09-18,2523006.811861276
2024-09-19,2592750.548586208
2024-09-20,2575435.8274538536
2024-09-23,2586328.124121309
2024-09-24,2621930.2994041196
2024-09-25,2636552.1594678885
2024-09-26,2634015.794585675
2024-09-27,2625565.1365577644
2024-09-30,2639738.1348497965
2024-10-01,2600332.8241861644
2024-10-02,2614051.4906964577
2024-10-03,2643303.308134295
2024-10-04,2685117.750208591
2024-10-07,2682069.627410752
2024-10-08,2724479.1560417023
2024-10-09,2728644.950749027
2024-10-10,2746153.6553357774
2024-10-11,2751302.430873082
2024-10-14,2785352.9032389508
2024-10-15,2712475.2117803446
2024-10-16,2743955.3120224397
2024-10-17,2749678.5123230238
2024-10-18,2762989.6928195767
2024-10-21,2806317.881858887
2024-10-22,2815137.8560821214
2024-10-23,2761025.7923279405
2024-10-24,2787507.1692894674
2024-10-25,2806407.7131262054
2024-10-28,2801928.8297834313
2024-10-29,2811832.6676442483
2024-10-30,2799995.392237934
2024-10-31,2712420.6185613577
2024-11-01,2735737.242364618
2024-11-04,2734988.735063598
2024-11-05,2783185.8209587256
2024-11-06,2895408.1873320504
2024-11-07,2937815.765221005
2024-11-08,2935373.1253537196
2024-11-11,2927051.7984281797
2024-11-12,2943850.479018487
2024-11-13,2931058.237013914
2024-11-14,2920701.1743312962
2024-11-15,2861348.951758152
2024-11-18,2862143.620791715
2024-11-19,2916020.982193532
2024-11-20,2913237.966453486
2024-11-21,2910754.867388897
2024-11-22,2878377.0701780585
2024-11-25,2839704.583168838
2024-11-26,2855732.36051464
2024-11-27,2835597.178945437
2024-11-29,2869281.0859376276
2024-12-02,2890179.7618226535
2024-12-03,2909364.6500061606
2024-12-04,2949896.358331428
2024-12-05,2947951.3538947017
2024-12-06,2937697.8313307445
2024-12-09,2909959.2833015844
2024-12-10,2898268.9150729817
2024-12-11,2951161.895738767
2024-12-12,2921837.207784105
2024-12-13,2894617.7031250815
2024-12-16,2892089.670898489
2024-12-17,2879323.9971790216
2024-12-18,2808836.1456866907
2024-12-19,2819739.8937293217
2024-12-20,2856745.21683556
2024-12-23,2911723.605798764
2024-12-24,2944064.0957203903
2024-12-26,2937595.401669188
2024-12-27,2890901.751222069
2024-12-30,2872471.777784587
2024-12-31,2838751.7682520365
2025-01-02,2857714.544836392
2025-01-03,2933787.0186138977
2025-01-06,2991800.6484456956
2025-01-07,2904570.195508211
2025-01-08,2899452.6407762407
2025-01-10,2852495.2961164867
2025-01-13,2846327.975553153
2025-01-14,2828273.697943782
2025-01-15,2912537.5339376437
2025-01-16,2862081.643979879
2025-01-17,2916821.2537424574
2025-01-21,2946020.2234394434
2025-01-22,2997809.887541265
2025-01-23,3010156.9639618173
2025-01-24,2972611.0054654293
2025-01-27,2788546.839228075
2025-01-28,2888328.1021412476
2025-01-29,2842967.1492584897
2025-01-30,2855473.0703524244
2025-01-31,2817842.5099508734
2025-02-03,2776601.3883639793
2025-02-04,2819549.8266107733
2025-02-05,2840538.0856694295
2025-02-06,2873502.4107255684
2025-02-07,2856854.034877354
2025-02-10,2890771.7629360445
2025-02-11,2884302.245045002
2025-02-12,2863695.6855029482
2025-02-13,2917000.2673657928
2025-02-14,2944742.1983685894
2025-02-18,2939701.262820483
2025-02-19,2943795.5273876814
2025-02-20,2934461.7181330672
2025-02-21,2849409.896238059
2025-02-24,2802852.1940080053
2025-02-25,2746988.1985422955
2025-02-26,2775488.9621464247
2025-02-27,2670418.3208091785
2025-02-28,2735455.30025418
2025-03-03,2612448.1534128617
2025-03-04,2611004.402891735
2025-03-05,2636661.5136898635
2025-03-06,2565615.044668683
2025-03-07,2584723.483373816
2025-03-10,2482252.584920312
2025-03-11,2487702.5401184
2025-03-12,2554130.8766567186
2025-03-13,2519338.578965749
2025-03-14,2607551.6496979757
2025-03-17,2592765.058778455
2025-03-18,2540261.822363517
2025-03-19,2579316.8404072276
2025-03-20,2588701.8145573097
2025-03-21,2601756.679307084
2025-03-24,2668779.6575175957
2025-03-25,2682406.229864117
2025-03-26,2609760.9746086593
2025-03-27,2583799.261291236
2025-03-28,2526748.891129265
2025-03-31,2523449.1411288963
2025-04-01,2551174.716566233
2025-04-02,2562135.365322414
2025-04-03,2403331.289643749
2025-04-04,2252788.9594986774
2025-04-07,2277227.5889705033
2025-04-08,2250705.255658725
2025-04-09,2542366.5752626834
2025-04-10,2425230.3843660075
2025-04-11,2485580.169014182
2025-04-14,2478686.844568217
2025-04-15,2477677.2252081535
2025-04-16,2387083.2866245806
2025-04-17,2330579.144480524
2025-04-21,2253125.0630002334
2025-04-22,2310317.328230851
2025-04-23,2371173.4865739755
2025-04-24,2431321.176047493
2025-04-25,2486760.849198253
2025-04-28,2468894.182720774
2025-04-29,2474097.7493222733
2025-04-30,2458236.609108759
2025-05-01,2507529.917810295
2025-05-02,2549122.341257465
2025-05-05,2528248.1063482286
2025-05-06,2514008.875731584
2025-05-07,2530375.171141907
2025-05-08,2551664.5592427817
2025-05-09,2551260.3465968724
2025-05-12,2667953.573858356
2025-05-13,2721202.659280344
2025-05-14,2775354.319953631
2025-05-15,2753206.490166063
2025-05-16,2766714.609664742
2025-05-19,2765713.92458543
2025-05-20,2747981.8974307026
2025-05-21,2707355.1913720933
2025-05-22,2718465.9982698685
2025-05-23,2691139.648785606
2025-05-27,2761300.466884743
2025-05-28,2746417.0287405974
2025-05-29,2783860.292851529
2025-05-30,2749428.05187326
2025-06-02,2776760.431809825
2025-06-03,2805618.752831916
2025-06-04,2810598.2299320786
2025-06-05,2771052.7500331216
2025-06-06,2819973.8495230447
2025-06-09,2838384.0273242947
2025-06-10,2870645.5136377504
2025-06-11,2860349.037170271
2025-06-12,2878769.765529515
2025-06-13,2850732.68484432
2025-06-16,2893775.00117133
2025-06-17,2881868.128622386
2025-06-18,2892470.2140238658
2025-06-20,2871332.667649596
2025-06-23,2886724.4476508424
2025-06-24,2916878.0977378786
2025-06-25,2966852.742951067
2025-06-26,2995720.5578728653
2025-06-27,3026321.323373346
2025-06-30,3024985.5889106323
2025-07-01,2983820.187100838
2025-07-02,3025151.5384918423
2025-07-03,3059341.6915077874
2025-07-07,3027073.278408225
2025-07-08,3038968.4948970373
2025-07-09,3071281.317783135
2025-07-10,3092075.5472683725
2025-07-11,3102476.6475793216
2025-07-14,3094713.2566525443
2025-07-15,3134028.653640172
2025-07-16,3138328.255046861
2025-07-17,3153903.631129016
2025-07-18,3146251.953325758
2025-07-21,3150431.569290902
2025-07-22,3117889.2483938425
2025-07-23,3160420.2236267906
2025-07-24,3177151.368668757
2025-07-25,3182567.583127245
2025-07-28,3215921.986048203
2025-07-29,3195057.341211814
2025-07-30,3221100.9420313896
2025-07-31,3231918.5069803055
2025-08-01,3149549.315687842
2025-08-04,3220173.1722212248
2025-08-05,3198694.1185931223
2025-08-06,3225491.6238621594
2025-08-07,3231484.944051215
2025-08-08,3271465.075525669
2025-08-11,3264504.219768192
2025-08-12,3297686.928665856
2025-08-13,3285797.0600210954
2025-08-14,3296463.6056434684
2025-08-15,3289611.9091120334
2025-08-18,3297537.7550544553
2025-08-19,3232253.2123527485
2025-08-20,3219307.583936382
2025-08-21,3211886.411727316
2025-08-22,3275892.477744333
2025-08-25,3291652.0401703394
2025-08-26,3309791.7759760004
2025-08-27,3314342.576157747
2025-08-28,3315625.53207236
2025-08-29,3263696.6274938025
2025-09-02,3227011.07612521
2025-09-03,3249844.406563551
2025-09-04,3280320.8743148176
2025-09-05,3229871.054304678
2025-09-08,3241252.8180233994
2025-09-09,3285822.8114786237
2025-09-10,3328186.1217825883
2025-09-11,3344872.891891239
2025-09-12,3370509.9535051337
2025-09-15,3400145.3319597063
2025-09-16,3392125.636680842
2025-09-17,3359902.9531546216
2025-09-18,3399696.2124888413
2025-09-19,3418671.07147595
2025-09-22,3469069.3737034635
2025-09-23,3421091.295927144
2025-09-24,3415695.3396223327
2025-09-25,3409197.809404303
2025-09-26,3427637.0993536827
2025-09-29,3447165.2329731113
2025-09-30,3475106.214471432
2025-10-01,3478548.8543894435
2025-10-02,3483409.3425702127
2025-10-03,3474238.8191913194
2025-10-06,3483869.3382528136
2025-10-07,3463872.7983078915
2025-10-08,3499493.7851319835
2025-10-09,3521562.1528415517
2025-10-10,3390007.8309354964
2025-10-13,3469206.1282797465
2025-10-14,3394713.526277171
2025-10-15,3407771.331820655
2025-10-16,3404989.4030515878
2025-10-17,3431723.9080092534
2025-10-20,3459823.5684559224
2025-10-21,3439683.2819853616
2025-10-22,3430292.1776822987
2025-10-23,3457282.085770142
2025-10-24,3502201.2571937316
2025-10-27,3581749.8760490143
2025-10-28,3661805.387591755
2025-10-29,3717898.8133802502
2025-10-30,3637853.6497917543
2025-10-31,3642805.866671164
2025-11-03,3679169.0818267046
2025-11-04,3592198.9744414515
2025-11-05,3581143.0982402917
2025-11-06,3506598.7801884585
2025-11-07,3503702.569958064
2025-11-10,3622813.8433789406
2025-11-11,3586689.4957665307
2025-11-12,3575496.7025158475
2025-11-13,3483235.422820053
2025-11-14,3503799.4708777945
2025-11-17,3471189.0128854546
2025-11-18,3413419.9633333823
2025-11-19,3456141.561052154
2025-11-20,3389537.5574169946
2025-11-21,3394014.252441104
2025-11-24,3466507.0998387937
2025-11-25,3452182.5783817363
2025-11-26,3478980.014001547
2025-11-28,3476187.3026253763
2025-12-01,3487255.6654019845
2025-12-02,3502202.061876084
2025-12-03,3503630.4267796627
2025-12-04,3538176.98222048
2025-12-05,3535985.7653246196
2025-12-08,3540938.8520366033
2025-12-09,3532993.117982266
2025-12-10,3538790.1471010586
2025-12-11,3516989.0109565817
2025-12-12,3465679.130608465
2025-12-15,3472912.7203802164
2025-12-16,3477416.2152538407
2025-12-17,3405503.692933911
2025-12-18,3450942.8154782015
2025-12-19,3512294.965808226
2025-12-22,3547096.330449231
2025-12-23,3605186.04861102
2025-12-24,3606271.607713188
2025-12-26,3613954.064080016
2025-12-29,3587470.3251586915
2025-12-30,3585173.426441016
2025-12-31,3564569.883341968
2026-01-02,3579850.0090252175
2026-01-05,3603193.652753377
2026-01-06,3581980.260879423
2026-01-07,3584525.527030781
2026-01-08,3574813.6637934055
2026-01-09,3588580.339558537
2026-01-12,3582568.5129467733
2026-01-13,3577320.8516755835
2026-01-14,3545984.9172211657
2026-01-15,3571650.26143305
2026-01-16,3564175.541408664
2026-01-20,3459370.761940277
2026-01-21,3522796.8646316645
2026-01-22,3566732.2200716976
2026-01-23,3598346.6040339735
2026-01-26,3603445.1003336506
2026-01-27,3614022.2509239987
2026-01-28,3641455.8638734096
2026-01-29,3662419.852969627
2026-01-30,3647471.492546594
2026-02-02,3604715.217344272
2026-02-03,3566729.544967332
2026-02-04,3511325.6234938144
2026-02-05,3458461.3063161625
2026-02-06,3574530.3984244713
2026-02-09,3628282.409430142
2026-02-10,3605790.2050961903
2026-02-11,3611009.6281360853
2026-02-12,3538911.195956181
2026-02-13,3492670.7307119383
2026-02-17,3503853.34015736
2026-02-18,3548674.2987728757
2026-02-19,3545919.133925186
2026-02-20,3576324.5747610177
2026-02-23,3561797.517189306
2026-02-24,3577325.1612821533
2026-02-25,3625640.903736466
2026-02-26,3534823.8387805023
2026-02-27,3473788.0115295886
2026-03-02,3515808.4367689225
2026-03-03,3485494.5966634722
2026-03-04,3516931.882864054
2026-03-05,3512439.251262244
2026-03-06,3448219.9972120575
2026-03-09,3497019.589625099
2026-03-10,3507465.7194520384
2026-03-11,3531497.7788993623
2026-03-12,3483463.734496685
2026-03-13,3450236.8617324233
2026-03-16,3497560.796629178
2026-03-17,3502723.2500358177
2026-03-18,3467693.1132314643
2026-03-19,3442351.0260569183
2026-03-20,3375769.274725308
2026-03-23,3420489.3545942227
2026-03-24,3409380.1832533656
2026-03-25,3437184.325558429
2026-03-26,3342564.8498278246
2026-03-27,3286877.315717531
2026-03-30,3272699.721942052
2026-03-31,3402364.356526818
2026-04-01,3409078.352180656
2026-04-02,3411183.998501294
2026-04-06,3429628.0180430384
2026-04-07,3445466.748037015
2026-04-08,3498613.1999912653
2026-04-09,3528319.567189449
2026-04-10,3558044.7565507777
2026-04-13,3584162.5920901867
2026-04-14,3665670.5613618228
2026-04-15,3712386.842848103
2026-04-16,3723758.2777162404
2026-04-17,3758655.3851672607
2026-04-20,3754620.684896459
2026-04-21,3732581.738195294
2026-04-22,3782419.4310654677
2026-04-23,3742500.952482465
2026-04-24,3822103.519738883
2026-04-27,3891547.5955344103
2026-04-28,3875114.2775410507
2026-04-29,3853966.538130447
2026-04-30,3799599.5622031786
2026-05-01,3800940.685994389
2026-05-04,3797995.468020207
2026-05-05,3794255.9904354494
2026-05-06,3891452.0483445856
2026-05-07,3913741.7049779235
2026-05-08,3945775.5400930303
2026-05-11,3977656.796316564
2026-05-12,3991565.807035173
2026-05-13,4062758.9911704278
2026-05-14,4138907.2188138827
2026-05-15,4064521.7468017335
2026-05-18,4044422.1044041016
2026-05-19,4010331.1113550155
2026-05-20,4033043.589656333
2026-05-21,4003962.2009734777
2026-05-22,3976258.191163468
2026-05-26,3962633.9168677647
2026-05-27,3950886.096477596
2026-05-28,3969704.7897625016
2026-05-29,3936143.7217663284
2026-06-01,4016575.2172420505
2026-06-02,3988790.8929968528
2026-06-03,3926977.3493073164
2026-06-04,3991086.3316493933
2026-06-05,3841268.2199055175
2026-06-08,3866101.426247567
2026-06-09,3840007.9879503953
2026-06-10,3754152.0182657884
2026-06-11,3789522.9432461043
2026-06-12,3800168.336660649
2026-06-15,3874488.242287648
2026-06-16,3852157.876394646
2026-06-17,3785416.2868315587
2026-06-18,3832290.799934894
2026-06-22,3787695.10705295
2026-06-23,3716217.9869353445
2026-06-24,3687955.360528131
2026-06-25,3637067.5795744522
2026-06-26,3625197.4782525334
2026-06-29,3678001.8197287447
2026-06-30,3731254.126500685
2026-07-01,3756858.6490959236
2026-07-02,3727276.117898884
2026-07-06,3760221.784883349
2026-07-07,3791088.1719714627
2026-07-08,3819524.608104489
2026-07-09,3821779.092825283
2026-07-10,3898572.625941088
2026-07-13,3848301.0641245204
2026-07-14,3925429.5269809673
2026-07-15,3970765.293482313
2026-07-16,3911199.8114020536
2026-07-17,3854312.114590098
2026-07-20,3858952.2752229297
2026-07-21,3904780.949782404
2026-07-22,3929729.92424136
