date,portfolio_pnl
2021-01-04,0.0
2021-01-05,10865.813175831805
2021-01-06,-3990.9995489008725
2021-01-07,31600.51460301166
2021-01-08,12164.480812577298
2021-01-11,-14504.766374429804
2021-01-12,3135.903753839317
2021-01-13,6228.150038154679
2021-01-14,-7335.214204554912
2021-01-15,-13146.259830312454
2021-01-19,15555.093850424513
2021-01-20,22285.752907687332
2021-01-21,7572.886486040661
2021-01-22,-2777.92948810244
2021-01-25,7769.97058418137
2021-01-26,-833.3416076384019
2021-01-27,-26030.891307896934
2021-01-28,484.4747374956496
2021-01-29,-23737.290004822426
2021-02-01,23981.75352529576
2021-02-02,18363.411299452884
2021-02-03,9231.010211423272
2021-02-04,5032.32446546806
2021-02-05,5119.6518012254965
2021-02-08,13367.197234724415
2021-02-09,-3780.1888221597765
2021-02-10,95.01728504453786
2021-02-11,483.83184369071387
2021-02-12,1581.3176138477866
2021-02-16,5140.241346651688
2021-02-17,240.2428253311664
2021-02-18,-6006.269880623324
2021-02-19,-5912.286330478266
2021-02-22,-17387.151640801225
2021-02-23,1705.6055851804558
2021-02-24,15469.175506747793
2021-02-25,-38859.00884146686
2021-02-26,853.3909140068572
2021-03-01,29487.324496140936
2021-03-02,-16505.221550110728
2021-03-03,-18717.164741721237
2021-03-04,-4512.9835670255125
2021-03-05,17085.7519850831
2021-03-08,-24979.50652021088
2021-03-09,35469.590487944544
2021-03-10,3112.95482637058
2021-03-11,20078.48384338105
2021-03-12,-4651.161773343105
2021-03-15,3253.4365554393735
2021-03-16,-1271.7659979527816
2021-03-17,7107.432196169393
2021-03-18,-27872.995049805846
2021-03-19,4879.070672557224
2021-03-22,8126.539444152266
2021-03-23,-3939.240108585218
2021-03-24,-11478.480396145955
2021-03-25,-1740.7190926638432
2021-03-26,10388.4139765203
2021-03-29,2299.8436446909327
2021-03-30,-3492.9645376699045
2021-03-31,11847.817021426046
2021-04-01,17480.08980424516
2021-04-05,21098.368502191734
2021-04-06,-5768.564308230998
2021-04-07,10477.820892719552
2021-04-08,6278.79096653685
2021-04-09,10087.617609665263
2021-04-12,5453.569421312772
2021-04-13,14573.705031606602
2021-04-14,-13842.84673365415
2021-04-15,21066.266611346276
2021-04-16,-982.873692497611
2021-04-19,-11262.202359815361
2021-04-20,-7772.755775492638
2021-04-21,10054.60267447331
2021-04-22,-20009.044630958233
2021-04-23,17718.017907071626
2021-04-26,6039.36247698497
2021-04-27,-4063.5872200133745
2021-04-28,5268.359078413807
2021-04-29,14063.707767441869
2021-04-30,-9784.793778272578
2021-05-03,-2516.6142023305874
2021-05-04,-12591.249332254753
2021-05-05,4297.611088377424
2021-05-06,11221.917670587078
2021-05-07,8608.968133687042
2021-05-10,-25394.601084996015
2021-05-11,-12151.758610262768
2021-05-12,-23365.736376776593
2021-05-13,5666.278832608135
2021-05-14,25949.042676844867
2021-05-17,1005.6723259817809
2021-05-18,-13581.501972763333
2021-05-19,-4438.390255349455
2021-05-20,14546.35556398821
2021-05-21,-474.25732839130796
2021-05-24,22660.98400414316
2021-05-25,-2079.846846193308
2021-05-26,5106.535848262021
2021-05-27,-1525.820088520879
2021-05-28,1812.4424273248296
2021-06-01,5243.2523740886245
2021-06-02,2731.142531519523
2021-06-03,-7547.190868674312
2021-06-04,17491.773064506007
2021-06-07,1939.997670010198
2021-06-08,1986.1797110796906
2021-06-09,-1348.3390516848303
2021-06-10,5819.707361224107
2021-06-11,899.1533981894609
2021-06-14,8116.341276282677
2021-06-15,-2828.459958411753
2021-06-16,-1550.42740217736
2021-06-17,7584.43387677893
2021-06-18,-14368.936906157527
2021-06-21,12837.642718104646
2021-06-22,14239.122013855958
2021-06-23,6768.294539260445
2021-06-24,7144.157225577161
2021-06-25,-2241.8007176565006
2021-06-28,14376.869666465092
2021-06-29,-1990.994102147175
2021-06-30,855.5177922530565
2021-07-01,7556.979231482837
2021-07-02,13875.563938582083
2021-07-06,-232.09523411211558
2021-07-07,-3220.786285349168
2021-07-08,-10322.629951946437
2021-07-09,12569.715986352647
2021-07-12,12178.397745338734
2021-07-13,-4950.8097471478395
2021-07-14,-7133.075932606123
2021-07-15,-12088.41174478666
2021-07-16,-18869.26919381763
2021-07-19,-16839.894716651877
2021-07-20,13855.006095226388
2021-07-21,16888.098639166914
2021-07-22,5510.6937469062395
2021-07-23,14882.78865302843
2021-07-26,6712.756915147649
2021-07-27,-13130.436497212155
2021-07-28,7496.80683888169
2021-07-29,2788.679846517509
2021-07-30,-15300.698358146707
2021-08-02,3838.442016300978
2021-08-03,9476.870805762941
2021-08-04,153.40639000805095
2021-08-05,7689.019628470996
2021-08-06,160.0000973106362
2021-08-09,-1538.4721007284243
2021-08-10,-1213.436111192219
2021-08-11,-2815.4830862437375
2021-08-12,9308.242345262319
2021-08-13,1685.3822588478215
2021-08-16,-2371.283743341686
2021-08-17,-15892.050860553049
2021-08-18,-12995.233607287519
2021-08-19,4239.864988486515
2021-08-20,18260.24623930035
2021-08-23,25997.185225014342
2021-08-24,2860.730061086826
2021-08-25,5952.436076893704
2021-08-26,-8225.796515842667
2021-08-27,18293.972442617174
2021-08-30,10435.422335457522
2021-08-31,-4819.364892887184
2021-09-01,791.5667901020497
2021-09-02,482.4456460541114
2021-09-03,3869.9906095177867
2021-09-07,4989.034442850389
2021-09-08,-8958.649441814981
2021-09-09,-4170.408432835247
2021-09-10,-12640.991401448846
2021-09-13,8578.051690446911
2021-09-14,-3721.6695157082286
2021-09-15,14331.155604303582
2021-09-16,-3244.2319465151522
2021-09-17,-15062.04570731963
2021-09-20,-33825.60731639783
2021-09-21,3319.790954757016
2021-09-22,13219.252148421248
2021-09-23,17598.800159822917
2021-09-24,6333.172216373263
2021-09-27,783.4164469519164
2021-09-28,-31623.123011753196
2021-09-29,-2190.4984011226334
2021-09-30,-9947.411245652242
2021-10-01,17586.552457676735
2021-10-04,-24570.96277303109
2021-10-05,19532.061279447982
2021-10-06,5903.242286493769
2021-10-07,12026.98115960951
2021-10-08,2276.742771502584
2021-10-11,-10042.824110378977
2021-10-12,-5733.018733368255
2021-10-13,2768.151043005055
2021-10-14,27669.086550340988
2021-10-15,14336.198678302113
2021-10-18,14838.797182629583
2021-10-19,7996.775251664687
2021-10-20,2301.025817373302
2021-10-21,9310.019422019599
2021-10-22,-8560.830551235704
2021-10-25,22043.839899859857
2021-10-26,17138.898002285045
2021-10-27,5933.01785643585
2021-10-28,18641.213916184613
2021-10-29,15220.22865353711
2021-11-01,9676.471796690254
2021-11-02,1198.5792113761418
2021-11-03,13018.068031639094
2021-11-04,33007.66897402494
2021-11-05,3826.1594398766756
2021-11-08,2590.972823434742
2021-11-09,-17950.025044296635
2021-11-10,-21731.269792707637
2021-11-11,6374.479207336204
2021-11-12,8022.5032525593415
2021-11-15,-4166.4813600936905
2021-11-16,7201.172807622002
2021-11-17,-3539.340048149228
2021-11-18,26954.22552827513
2021-11-19,7303.705425182357
2021-11-22,-9961.209607858444
2021-11-23,-499.1605465435423
2021-11-24,11072.094448941993
2021-11-26,-44066.305430155015
2021-11-29,39015.48293539975
2021-11-30,-22787.21599146817
2021-12-01,-25888.69333755481
2021-12-02,11731.76754785236
2021-12-03,-30900.85724865552
2021-12-06,11390.94336241996
2021-12-07,47380.3903443662
2021-12-08,4910.632114120992
2021-12-09,-21053.707475392614
2021-12-10,8850.614342451561
2021-12-13,-34343.34397610021
2021-12-14,-7622.169278922491
2021-12-15,36579.18872655416
2021-12-16,-38317.416804028675
2021-12-17,-15988.946892275708
2021-12-20,-18567.35939652915
2021-12-21,35273.33022231073
2021-12-22,23079.28234768426
2021-12-23,14262.487666057888
2021-12-27,28885.808453691425
2021-12-28,-6767.341693555471
2021-12-29,-5221.657186947297
2021-12-30,-9142.531071059639
2021-12-31,-10570.967204055516
2022-01-03,39809.10497306124
2022-01-04,-13113.65337201953
2022-01-05,-45868.708812491735
2022-01-06,-271.3772799905855
2022-01-07,-14035.95967967459
2022-01-10,6360.257300301222
2022-01-11,21296.35832720832
2022-01-12,12057.528481896967
2022-01-13,-41558.84025919647
2022-01-14,7156.18988533481
2022-01-18,-32318.918451460544
2022-01-19,-17144.168719618116
2022-01-20,-15673.975330202142
2022-01-21,-36838.09651839174
2022-01-24,3199.218372442061
2022-01-25,-20002.863331841538
2022-01-26,9329.447221587645
2022-01-27,-18645.87886767299
2022-01-28,34897.71266986523
2022-01-31,44993.449348375434
2022-02-01,18451.63884296897
2022-02-02,19129.229121034034
2022-02-03,-65388.708537953906
2022-02-04,26932.246368451975
2022-02-07,-7953.94304863154
2022-02-08,9431.535834276583
2022-02-09,25474.3716182739
2022-02-10,-29891.051983331563
2022-02-11,-37362.80206210865
2022-02-14,1249.0346887733322
2022-02-15,32680.28302230104
2022-02-16,2241.1205870239064
2022-02-17,-46192.86084869946
2022-02-18,-18526.80616652849
2022-02-22,-16993.826010924997
2022-02-23,-32241.065884366864
2022-02-24,30577.582132423762
2022-02-25,25759.28409320209
2022-02-28,8170.892980709206
2022-03-01,-18847.715115398867
2022-03-02,24242.158805060666
2022-03-03,-16103.065810174448
2022-03-04,-7879.345238928217
2022-03-07,-40865.97215510323
2022-03-08,-858.3896552361548
2022-03-09,33587.93865123624
2022-03-10,-933.9210246058647
2022-03-11,-27903.401788182324
2022-03-14,-27287.3434523046
2022-03-15,27839.190149357077
2022-03-16,40590.37525838986
2022-03-17,21639.15168151143
2022-03-18,29821.007174934726
2022-03-21,12279.352490234422
2022-03-22,22564.43566123396
2022-03-23,-10690.019685074687
2022-03-24,36992.711947918404
2022-03-25,3613.9267017804086
2022-03-28,15154.33554898901
2022-03-29,11346.208747407189
2022-03-30,-7022.316432063468
2022-03-31,-27499.770515177166
2022-04-01,697.2025023452006
2022-04-04,28558.727234886494
2022-04-05,-29233.379755473463
2022-04-06,-31927.618734364165
2022-04-07,4465.798472232185
2022-04-08,-12403.206591642927
2022-04-11,-44847.706691962434
2022-04-12,-1763.3166252549272
2022-04-13,21315.296443331754
2022-04-14,-26760.265665214974
2022-04-18,12371.076237345813
2022-04-19,20155.902338083135
2022-04-20,-19918.42669701646
2022-04-21,-26444.54189585033
2022-04-22,-35122.18810720625
2022-04-25,5595.626241841121
2022-04-26,-52410.255361222895
2022-04-27,425.1896281549707
2022-04-28,50038.33334752661
2022-04-29,-53402.252924104454
2022-05-02,24116.749885542784
2022-05-03,8663.827681549825
2022-05-04,46184.52336961753
2022-05-05,-63553.54330209945
2022-05-06,-1727.31734392629
2022-05-09,-67101.17623485555
2022-05-10,13111.19530551252
2022-05-11,-29817.78961618943
2022-05-12,-9954.50821674685
2022-05-13,43390.82825978147
2022-05-16,-7472.137988878414
2022-05-17,30825.73321652203
2022-05-18,-54794.26841661683
2022-05-19,-1858.363368626684
2022-05-20,-7135.768546718173
2022-05-23,28244.128018591786
2022-05-24,-24449.63432397996
2022-05-25,20220.305756147718
2022-05-26,29318.508346693357
2022-05-27,36933.311586246826
2022-05-31,-4579.178445193917
2022-06-01,-4105.640876267804
2022-06-02,29130.33295562328
2022-06-03,-31416.819749629823
2022-06-06,7837.187010598835
2022-06-07,18974.570603153436
2022-06-08,-2706.7550120933447
2022-06-09,-32139.039315939182
2022-06-10,-43567.49479443533
2022-06-13,-58809.2338774011
2022-06-14,1355.5674466078635
2022-06-15,23408.554687473457
2022-06-16,-45292.65672254283
2022-06-17,-5264.665641237749
2022-06-21,48490.22104942426
2022-06-22,-10255.74660737603
2022-06-23,2631.5668775714003
2022-06-24,37419.896973210154
2022-06-27,-641.5174620011821
2022-06-28,-23572.65044687735
2022-06-29,-7246.171786265215
2022-06-30,-23309.450591685716
2022-07-01,7960.75759919663
2022-07-05,9007.21260467521
2022-07-06,4297.798507572152
2022-07-07,30592.18128708261
2022-07-08,3583.2240224345587
2022-07-11,-27648.193685296457
2022-07-12,-12316.846074585803
2022-07-13,-4583.575225311564
2022-07-14,-5302.891402768204
2022-07-15,27949.282075066818
2022-07-18,-2812.733675324125
2022-07-19,37970.550503402716
2022-07-20,14016.987988650333
2022-07-21,14139.919446317945
2022-07-22,-24968.170118769398
2022-07-25,2664.831165247131
2022-07-26,-23401.872093607904
2022-07-27,52565.76681581419
2022-07-28,11304.41009788122
2022-07-29,35781.647452695295
2022-08-01,-10373.157392377732
2022-08-02,-3536.295720154885
2022-08-03,18445.357158973813
2022-08-04,-7095.942002774449
2022-08-05,-7387.867355578579
2022-08-08,-9105.1064010486
2022-08-09,-4424.78100125608
2022-08-10,33957.884587027365
2022-08-11,-1590.676595879253
2022-08-12,29654.126520411577
2022-08-15,4355.630616734037
2022-08-16,-3606.3406573939137
2022-08-17,-9512.911388620036
2022-08-18,7830.048949846765
2022-08-19,-24400.50252129766
2022-08-22,-27322.510754854186
2022-08-23,9031.038244953146
2022-08-24,3180.1722712186165
2022-08-25,21026.313094632
2022-08-26,-49982.43972967891
2022-08-29,-4715.815203141654
2022-08-30,-22478.497865233803
2022-08-31,-9143.169155459153
2022-09-01,-7318.39519155561
2022-09-02,-11394.668949360494
2022-09-06,-5988.889918725239
2022-09-07,15812.072264484828
2022-09-08,8999.785670530284
2022-09-09,24012.579616631614
2022-09-12,16897.110565912444
2022-09-13,-63945.119991419604
2022-09-14,11517.282612847164
2022-09-15,-13281.272189192241
2022-09-16,-8262.832715697354
2022-09-19,9884.659498787485
2022-09-20,-9457.648748779902
2022-09-21,-22499.756884026807
2022-09-22,-10191.715121551184
2022-09-23,-29325.558694752166
2022-09-26,-11340.72447916423
2022-09-27,6439.705377599457
2022-09-28,24682.057859555352
2022-09-29,-29900.184262815164
2022-09-30,-16880.22064919281
2022-10-03,24708.450840994716
2022-10-04,37186.6010657181
2022-10-05,6481.547448744299
2022-10-06,-432.634188947035
2022-10-07,-41843.74622772238
2022-10-10,-14961.147272194037
2022-10-11,-14351.373531852849
2022-10-12,2357.4494844933506
2022-10-13,32315.857680506073
2022-10-14,-31063.565367340576
2022-10-17,39521.63825633284
2022-10-18,7601.077120338799
2022-10-19,3952.0873358787503
2022-10-20,-5407.357627169229
2022-10-21,28147.455012099817
2022-10-24,9998.528794579674
2022-10-25,17116.282652005553
2022-10-26,-24878.902146638604
2022-10-27,-20211.357405946357
2022-10-28,31993.298683869187
2022-10-31,-10243.59253941942
2022-11-01,-8436.493450800423
2022-11-02,-32817.732993305195
2022-11-03,-8151.581619632663
2022-11-04,15433.774650693405
2022-11-07,10510.417340791551
2022-11-08,4248.87348800106
2022-11-09,-38500.06548530026
2022-11-10,66326.32398044108
2022-11-11,19418.836161277257
2022-11-14,-10561.372222274309
2022-11-15,8412.526857314166
2022-11-16,-12327.722296198364
2022-11-17,-3467.66610815865
2022-11-18,-1551.6352301379666
2022-11-21,-19301.604582358617
2022-11-22,24104.237663470907
2022-11-23,15173.519684359664
2022-11-25,-4845.50628896337
2022-11-28,-23969.437202327885
2022-11-29,-4505.618291345192
2022-11-30,49626.66181133501
2022-12-01,-4398.981366482563
2022-12-02,-5655.235143044731
2022-12-05,-25292.441950116307
2022-12-06,-25299.079102303134
2022-12-07,-5186.149594430113
2022-12-08,15482.021747214254
2022-12-09,-7392.09185497649
2022-12-12,16090.560532970354
2022-12-13,10765.478800513316
2022-12-14,-9680.693332488649
2022-12-15,-31741.077742968453
2022-12-16,-13209.045803146204
2022-12-19,-10152.793192225276
2022-12-20,-289.30525405635126
2022-12-21,16441.985449673375
2022-12-22,-31486.680803599767
2022-12-23,10211.324044572422
2022-12-27,-15671.846506961621
2022-12-28,-11491.9611106487
2022-12-29,23159.537555290153
2022-12-30,3751.522706481861
2023-01-03,-21199.70478288876
2023-01-04,-1224.319319181377
2023-01-05,-10825.203701575985
2023-01-06,20516.106927163433
2023-01-09,5515.6036469009705
2023-01-10,10534.48298438266
2023-01-11,21174.184112233343
2023-01-12,11804.216078130528
2023-01-13,7916.260318618268
2023-01-17,4679.689785447437
2023-01-18,-20075.168478588574
2023-01-19,-2087.634098036913
2023-01-20,32251.063827825943
2023-01-23,21915.093249611557
2023-01-24,3734.9015433217864
2023-01-25,-4235.051023555221
2023-01-26,34192.03414455964
2023-01-27,11534.574390463065
2023-01-30,-30801.936273603
2023-01-31,24641.224509670166
2023-02-01,17628.416110975435
2023-02-02,27236.127931909636
2023-02-03,-10014.404602231225
2023-02-06,-2992.980768521782
2023-02-07,34397.115318321856
2023-02-08,-16008.18923248211
2023-02-09,-7022.314961045515
2023-02-10,1108.6549599103164
2023-02-13,12744.50228599459
2023-02-14,11226.713055516826
2023-02-15,2898.862548513105
2023-02-16,-24500.212359749246
2023-02-17,-14837.879744380713
2023-02-21,-25506.20560680679
2023-02-22,-3251.1761310005095
2023-02-23,28589.353563598823
2023-02-24,-14908.059738188982
2023-02-27,8362.754868744407
2023-02-28,-4066.3856199635193
2023-03-01,-8060.156462836778
2023-03-02,5695.684863347327
2023-03-03,27061.50039218506
2023-03-06,2214.7648449267726
2023-03-07,-20750.777183442842
2023-03-08,88.97917100321501
2023-03-09,-26625.193515769904
2023-03-10,-12173.368479021592
2023-03-13,2250.231791680213
2023-03-14,30791.29909429839
2023-03-15,-12094.893893491942
2023-03-16,31256.258474905044
2023-03-17,-10146.393241628539
2023-03-20,11020.637856321177
2023-03-21,34211.12081839284
2023-03-22,-17058.697536016116
2023-03-23,8490.762905062176
2023-03-24,-919.2179407817312
2023-03-27,1341.528556281235
2023-03-28,-4877.386971394531
2023-03-29,18659.28153230762
2023-03-30,10087.123523750575
2023-03-31,20145.81252234499
2023-04-03,20891.640255413484
2023-04-04,-7985.901277657365
2023-04-05,-3198.0534006352536
2023-04-06,7745.61156435241
2023-04-10,-2217.1428111512214
2023-04-11,-4827.98549007508
2023-04-12,-10310.391719446518
2023-04-13,21025.055897004902
2023-04-14,6836.900462233229
2023-04-17,-4806.829944140976
2023-04-18,9473.595557359513
2023-04-19,-5031.831915218616
2023-04-20,-17888.071140829474
2023-04-21,1269.9515846488066
2023-04-24,4425.796751977876
2023-04-25,-24014.0434743003
2023-04-26,6406.200070769293
2023-04-27,38630.59191434202
2023-04-28,10984.733980434248
2023-05-01,-493.71939640841447
2023-05-02,-24390.23795711086
2023-05-03,-14513.839008268667
2023-05-04,-11625.839612999931
2023-05-05,33894.11193600134
2023-05-08,7099.918165930547
2023-05-09,-8742.112650034484
2023-05-10,9486.926031808136
2023-05-11,89.88534694118425
2023-05-12,-6589.377961782506
2023-05-15,5376.050445919624
2023-05-16,-1807.3748036769684
2023-05-17,27722.486671635415
2023-05-18,24089.05889082444
2023-05-19,-2618.4168617238756
2023-05-22,2432.206583479652
2023-05-23,-11050.736695582047
2023-05-24,-108.76608047634363
2023-05-25,61406.99056797405
2023-05-26,24483.196724944515
2023-05-30,10362.977742274292
2023-05-31,-22750.903359551914
2023-06-01,32426.140916222474
2023-06-02,14002.405902196886
2023-06-05,-1615.8251645141281
2023-06-06,-2147.1923586786725
2023-06-07,-19332.970355038764
2023-06-08,18525.6144531928
2023-06-09,5736.592454064172
2023-06-12,15207.977601302788
2023-06-13,17112.000050986186
2023-06-14,3469.5503648289014
2023-06-15,14587.431084226351
2023-06-16,-8593.407814580481
2023-06-20,9319.179679195164
2023-06-21,-14367.763927065069
2023-06-22,11596.80875182501
2023-06-23,-15666.505854793591
2023-06-26,-26261.129696286516
2023-06-27,24351.916389273945
2023-06-28,-1009.6252073976211
2023-06-29,3021.3033506877255
2023-06-30,27789.49449593923
2023-07-03,6421.410476156278
2023-07-05,605.7447710882407
2023-07-06,-18851.84738498833
2023-07-07,-1665.9048478659242
2023-07-10,-7185.106059563113
2023-07-11,10433.394721669843
2023-07-12,22060.7575588536
2023-07-13,25842.68588300189
2023-07-14,-909.3755439347588
2023-07-17,18601.64246155112
2023-07-18,18124.17202111613
2023-07-19,-488.35954618640244
2023-07-20,-34012.41757728113
2023-07-21,-13978.60237587057
2023-07-24,14969.415250752587
2023-07-25,12183.364822264295
2023-07-26,-197.85658629564568
2023-07-27,-767.3498026235029
2023-07-28,24508.58926002239
2023-07-31,8359.920534961857
2023-08-01,-8677.157297998667
2023-08-02,-40578.58379928232
2023-08-03,8405.338566427818
2023-08-04,-2378.756803464843
2023-08-07,13479.365388249978
2023-08-08,-11443.132160086418
2023-08-09,-26317.648754908936
2023-08-10,2581.994424743345
2023-08-11,-8716.614274873165
2023-08-14,30173.296376430895
2023-08-15,-21567.671872684266
2023-08-16,-19720.922821841203
2023-08-17,-8643.291474890197
2023-08-18,395.7479197487701
2023-08-21,39154.5864385888
2023-08-22,-13985.066604312276
2023-08-23,22246.784620905295
2023-08-24,-20269.305571914883
2023-08-25,3801.0997188207693
2023-08-28,14478.976637831423
2023-08-29,39115.53478193027
2023-08-30,9063.440545341931
2023-08-31,-1810.5161999971606
2023-09-01,-3835.369010426104
2023-09-05,8492.89254575828
2023-09-06,-20622.535066694254
2023-09-07,-9999.99645800679
2023-09-08,1419.8543609560002
2023-09-11,13407.596942929318
2023-09-12,-4523.326327737188
2023-09-13,8952.960768738994
2023-09-14,18357.071449478623
2023-09-15,-30277.632486541057
2023-09-18,2689.6612494618166
2023-09-19,-5584.077719933586
2023-09-20,-26042.605358783854
2023-09-21,-25796.508534591878
2023-09-22,1220.7154759448022
2023-09-25,15179.93647568603
2023-09-26,-18543.315152319614
2023-09-27,14248.913278150605
2023-09-28,13589.71850557113
2023-09-29,-5359.981282406254
2023-10-02,19674.84514760389
2023-10-03,-25829.68556541088
2023-10-04,9134.078195532784
2023-10-05,-138.60079622175545
2023-10-06,21764.285489196423
2023-10-09,10982.65952281747
2023-10-10,4939.932971608592
2023-10-11,6640.662495547673
2023-10-12,-3317.136127206497
2023-10-13,-9302.903765226714
2023-10-16,14036.843681759201
2023-10-17,-13270.61802192498
2023-10-18,-24337.815933612408
2023-10-19,-13016.271794378757
2023-10-20,-27753.65349212871
2023-10-23,9670.6555851507
2023-10-24,9665.134003725369
2023-10-25,-36355.803305695066
2023-10-26,-35258.54364931211
2023-10-27,954.3765305809211
2023-10-30,18079.738506437978
2023-10-31,1546.6862025372684
2023-11-01,27329.727174071828
2023-11-02,32655.32561478042
2023-11-03,13210.939319457393
2023-11-06,8184.06338424515
2023-11-07,7208.413003687514
2023-11-08,4567.545903987717
2023-11-09,-5783.46564670722
2023-11-10,32356.444498546887
2023-11-13,5017.020681525581
2023-11-14,26524.441146106226
2023-11-15,-6147.028567083878
2023-11-16,6717.630706381751
2023-11-17,2829.1338849894237
2023-11-20,16295.521003646776
2023-11-21,-4679.116461826488
2023-11-22,-3961.1363756454084
2023-11-24,-8490.306402589427
2023-11-27,196.02171968086623
2023-11-28,4864.752069291426
2023-11-29,-12044.895468618488
2023-11-30,-8556.167885304196
2023-12-01,-2492.990306341788
2023-12-04,-21254.74125456228
2023-12-05,11855.123163571348
2023-12-06,-18706.020047230413
2023-12-07,23273.434477311326
2023-12-08,15561.374273140216
2023-12-11,-18605.12074979185
2023-12-12,10355.426662257407
2023-12-13,11728.25592377386
2023-12-14,6213.156647772994
2023-12-15,8261.929410424782
2023-12-18,19525.05298525165
2023-12-19,7411.89318504557
2023-12-20,-26743.881575820735
2023-12-21,19546.50339887757
2023-12-22,-1134.7595374118537
2023-12-26,6679.488482628483
2023-12-27,2956.735940628452
2023-12-28,-4273.646980565274
2023-12-29,-5832.140682504512
2024-01-02,-12007.543931205058
2024-01-03,-8102.516218336532
2024-01-04,-4903.908054105006
2024-01-05,8209.544611341786
2024-01-08,35400.250170629006
2024-01-09,4053.4815949616022
2024-01-10,18218.251054449473
2024-01-11,1558.0291722409893
2024-01-12,-3096.284226393327
2024-01-16,689.0635334490798
2024-01-17,-8193.725981971715
2024-01-18,16866.168635647045
2024-01-19,29269.36600844306
2024-01-22,1522.5234583099373
2024-01-23,9999.19639637624
2024-01-24,21814.371432180284
2024-01-25,733.741172634298
2024-01-26,285.3273442783393
2024-01-29,22885.355392490048
2024-01-30,2581.8572940069716
2024-01-31,-43437.912576689385
2024-02-01,19407.476787812775
2024-02-02,66009.23961241497
2024-02-05,11487.047643852886
2024-02-06,-2854.9975151731633
2024-02-07,30351.578938551247
2024-02-08,1105.720639488427
2024-02-09,23684.381379820174
2024-02-12,-3569.009192301426
2024-02-13,-20851.27952162386
2024-02-14,24091.647618090035
2024-02-15,5843.958466577111
2024-02-16,-10254.175383264199
2024-02-20,-31565.198066778947
2024-02-21,-5882.78555708332
2024-02-22,107022.78903615661
2024-02-23,-4386.757529791677
2024-02-26,-5640.377197966678
2024-02-27,-3057.9920524326153
2024-02-28,-14987.822630850598
2024-02-29,20844.41552890092
2024-03-01,30234.778472018428
2024-03-04,1276.65598345967
2024-03-05,-10521.185032050591
2024-03-06,22289.587893170305
2024-03-07,48027.609667592216
2024-03-08,-39715.20381491864
2024-03-11,-13847.63112000795
2024-03-12,60886.30124588078
2024-03-13,-7918.583125342615
2024-03-14,-12582.895163546316
2024-03-15,-10637.192147201393
2024-03-18,26367.860696345102
2024-03-19,14895.892719542608
2024-03-20,22127.079478612635
2024-03-21,5682.367291808128
2024-03-22,23607.723988272715
2024-03-25,-42.59359620511532
2024-03-26,-20567.914777383674
2024-03-27,-6797.522725626361
2024-03-28,-611.2131056021899
2024-04-01,7698.879424491432
2024-04-02,-15087.432062565349
2024-04-03,2191.0593937793747
2024-04-04,-30623.09721834073
2024-04-05,35570.17416855693
2024-04-08,-6205.079711594619
2024-04-09,-7082.641341414303
2024-04-10,7056.632267938461
2024-04-11,39737.25820430182
2024-04-12,-45427.05773551343
2024-04-15,-36724.04476402607
2024-04-16,8340.48976564221
2024-04-17,-28791.83139734296
2024-04-18,5399.759012363851
2024-04-19,-72652.11006259266
2024-04-22,31334.29372567637
2024-04-23,38518.7844319623
2024-04-24,-12038.820461473428
2024-04-25,-19.086404845118523
2024-04-26,55325.86906532245
2024-04-29,4877.109959974419
2024-04-30,-38690.21956356708
2024-05-01,-24071.729205189273
2024-05-02,36309.20926146442
2024-05-03,39169.737129407935
2024-05-06,40647.05425397027
2024-05-07,-11638.852491520345
2024-05-08,1491.5664232880808
2024-05-09,208.69136043684557
2024-05-10,6363.165102141909
2024-05-13,3906.6883466667496
2024-05-14,20085.52466970589
2024-05-15,38421.996765923686
2024-05-16,-5813.728180759586
2024-05-17,-3289.1387850875035
2024-05-20,6037.81344912434
2024-05-21,14519.316234694328
2024-05-22,-15336.366814607754
2024-05-23,46768.80986444233
2024-05-24,33192.6661232207
2024-05-28,60635.33035491081
2024-05-29,-6542.866958489176
2024-05-30,-45715.28367960034
2024-05-31,8766.707540175878
2024-06-03,38911.138263848145
2024-06-04,8078.96237580711
2024-06-05,59641.18052117154
2024-06-06,-5574.495104209054
2024-06-07,-6929.082562272437
2024-06-10,12414.81896553794
2024-06-11,2411.6641367441043
2024-06-12,38915.62762014894
2024-06-13,30913.397207401693
2024-06-14,14048.548233033158
2024-06-17,1943.1103823399171
2024-06-18,27487.5301843849
2024-06-20,-28579.61451342469
2024-06-21,-33626.89537284756
2024-06-24,-52783.12727361638
2024-06-25,74202.05018721381
2024-06-26,14687.360860318877
2024-06-27,-6541.540269127581
2024-06-28,-10988.07715717936
2024-07-01,21774.238280023448
2024-07-02,8340.074445385486
2024-07-03,49137.454748472665
2024-07-05,1713.329855645541
2024-07-08,10433.479123347905
2024-07-09,25430.131933224387
2024-07-10,44058.5274202344
2024-07-11,-89508.75042306772
2024-07-12,12739.802808454726
2024-07-15,9590.53824547818
2024-07-16,-5731.39632655913
2024-07-17,-77054.2918505785
2024-07-18,11968.322699562646
2024-07-19,-37309.81280797208
2024-07-22,54824.29362476105
2024-07-23,-10908.298483375926
2024-07-24,-108776.0774658299
2024-07-25,-22034.820460961666
2024-07-26,21200.490418825764
2024-07-29,-7448.958006177563
2024-07-30,-53838.6200871272
2024-07-31,114009.1444508559
2024-08-01,-73536.30214549927
2024-08-02,-42817.87774044741
2024-08-05,-103560.25799640082
2024-08-06,39170.17977526924
2024-08-07,-40007.07558007538
2024-08-08,76658.04456663271
2024-08-09,10301.38079361245
2024-08-12,33557.35817056568
2024-08-13,75091.46311755758
2024-08-14,15449.054453677498
2024-08-15,59397.30581984669
2024-08-16,11668.390984567814
2024-08-19,53842.06055259006
2024-08-20,-30988.879369799513
2024-08-21,9652.53386082733
2024-08-22,-48733.417821559124
2024-08-23,58341.04530835571
2024-08-26,-20798.171922246926
2024-08-27,7062.280250653159
2024-08-28,-31116.89800226502
2024-08-29,-50899.845810592175
2024-08-30,26452.0438644588
2024-09-03,-117256.41046208143
2024-09-04,-17532.89912786847
2024-09-05,11726.040340171661
2024-09-06,-69097.01622541575
2024-09-09,43623.98145472398
2024-09-10,2225.322757594753
2024-09-11,78576.94231159054
2024-09-12,33871.4868329484
2024-09-13,3454.452241501771
2024-09-16,-14004.449181754142
2024-09-17,-628.5102662723511
2024-09-18,-14905.766241569072
2024-09-19,69743.73672493175
2024-09-20,-17314.721132354345
2024-09-23,10892.29666745523
2024-09-24,35602.175282810815
2024-09-25,14621.860063768923
2024-09-26,-2536.364882213529
2024-09-27,-8450.658027910627
2024-09-30,14172.998292032164
2024-10-01,-39405.31066363212
2024-10-02,13718.66651029326
2024-10-03,29251.817437837366
2024-10-04,41814.442074296065
2024-10-07,-3048.1227978393435
2024-10-08,42409.52863095049
2024-10-09,4165.7947073248215
2024-10-10,17508.704586750362
2024-10-11,5148.77553730458
2024-10-14,34050.47236586874
2024-10-15,-72877.69145860616
2024-10-16,31480.100242095068
2024-10-17,5723.200300584082
2024-10-18,13311.180496552959
2024-10-21,43328.18903931044
2024-10-22,8819.974223234225
2024-10-23,-54112.06375418091
2024-10-24,26481.376961526927
2024-10-25,18900.543836737983
2024-10-28,-4478.883342774119
2024-10-29,9903.83786081709
2024-10-30,-11837.275406314526
2024-10-31,-87574.7736765761
2024-11-01,23316.62380326027
2024-11-04,-748.5073010199703
2024-11-05,48197.08589512762
2024-11-06,112222.36637332477
2024-11-07,42407.57788895443
2024-11-08,-2442.6398672852665
2024-11-11,-8321.326925539877
2024-11-12,16798.68059030734
2024-11-13,-12792.24200457288
2024-11-14,-10357.062682617921
2024-11-15,-59352.22257314436
2024-11-18,794.6690335632302
2024-11-19,53877.36140181683
2024-11-20,-2783.015740045812
2024-11-21,-2483.0990645890124
2024-11-22,-32377.797210838646
2024-11-25,-38672.48700922029
2024-11-26,16027.777345801704
2024-11-27,-20135.181569202803
2024-11-29,33683.90699219052
2024-12-02,20898.675885025878
2024-12-03,19184.888183507137
2024-12-04,40531.708325267304
2024-12-05,-1945.0044367262162
2024-12-06,-10253.522563957144
2024-12-09,-27738.548029160127
2024-12-10,-11690.368228602689
2024-12-11,52892.98066578526
2024-12-12,-29324.687954661902
2024-12-13,-27219.5046590236
2024-12-16,-2528.0322265923023
2024-12-17,-12765.673719467595
2024-12-18,-70487.8514923309
2024-12-19,10903.748042630963
2024-12-20,37005.32310623815
2024-12-23,54978.38896320434
2024-12-24,32340.48992162617
2024-12-26,-6468.694051202387
2024-12-27,-46693.65044711903
2024-12-30,-18429.973437482025
2024-12-31,-33720.00953255035
2025-01-02,18962.776584355626
2025-01-03,76072.47377750557
2025-01-06,58013.62983179791
2025-01-07,-87230.45293748472
2025-01-08,-5117.554731970187
2025-01-10,-46957.344659754075
2025-01-13,-6167.320563333575
2025-01-14,-18054.277609371115
2025-01-15,84263.83599386178
2025-01-16,-50455.88995776465
2025-01-17,54739.60976257827
2025-01-21,29198.969696986023
2025-01-22,51789.664101821836
2025-01-23,12347.076420552097
2025-01-24,-37545.95849638805
2025-01-27,-184064.16623735428
2025-01-28,99781.2629131726
2025-01-29,-45360.952882757876
2025-01-30,12505.921093934681
2025-01-31,-37630.56040155096
2025-02-03,-41241.12158689415
2025-02-04,42948.438246794045
2025-02-05,20988.25905865617
2025-02-06,32964.325056138914
2025-02-07,-16648.375848214608
2025-02-10,33917.72805869067
2025-02-11,-6469.5178910424
2025-02-12,-20606.559542053845
2025-02-13,53304.58186284453
2025-02-14,27741.931002796628
2025-02-18,-5040.935548106208
2025-02-19,4094.264567198232
2025-02-20,-9333.80925461417
2025-02-21,-85051.82189500844
2025-02-24,-46557.70223005349
2025-02-25,-55863.99546570983
2025-02-26,28500.7636041292
2025-02-27,-105070.64133724617
2025-02-28,65036.979445001576
2025-03-03,-123007.14684131835
2025-03-04,-1443.750521126669
2025-03-05,25657.110798128415
2025-03-06,-71046.46902118064
2025-03-07,19108.438705133274
2025-03-10,-102470.89845350431
2025-03-11,5449.955198088195
2025-03-12,66428.33653831854
2025-03-13,-34792.297690969426
2025-03-14,88213.0707322266
2025-03-17,-14786.590919520706
2025-03-18,-52503.236414938234
2025-03-19,39055.01804371085
2025-03-20,9384.974150082096
2025-03-21,13054.864749774337
2025-03-24,67022.97821051162
2025-03-25,13626.572346521541
2025-03-26,-72645.25525545795
2025-03-27,-25961.713317423128
2025-03-28,-57050.37016197108
2025-03-31,-3299.7500003688037
2025-04-01,27725.575437336694
2025-04-02,10960.64875618089
2025-04-03,-158804.07567866473
2025-04-04,-150542.33014507173
2025-04-07,24438.6294718259
2025-04-08,-26522.333311778493
2025-04-09,291661.31960395863
2025-04-10,-117136.19089667592
2025-04-11,60349.78464817442
2025-04-14,-6893.3244459647685
2025-04-15,-1009.6193600636907
2025-04-16,-90593.93858357286
2025-04-17,-56504.1421440565
2025-04-21,-77454.08148029074
2025-04-22,57192.265230617486
2025-04-23,60856.15834312467
2025-04-24,60147.68947351724
2025-04-25,55439.67315076012
2025-04-28,-17866.66647747904
2025-04-29,5203.5666014994495
2025-04-30,-15861.140213514213
2025-05-01,49293.30870153569
2025-05-02,41592.423447170295
2025-05-05,-20874.23490923643
2025-05-06,-14239.23061664449
2025-05-07,16366.295410322957
2025-05-08,21289.38810087461
2025-05-09,-404.2126459092833
2025-05-12,116693.22726148367
2025-05-13,53249.08542198781
2025-05-14,54151.66067328723
2025-05-15,-22147.82978756819
2025-05-16,13508.119498678949
2025-05-19,-1000.685079311952
2025-05-20,-17732.027154727373
2025-05-21,-40626.7060586093
2025-05-22,11110.80689777527
2025-05-23,-27326.349484262522
2025-05-27,70160.81809913693
2025-05-28,-14883.438144145533
2025-05-29,37443.26411093166
2025-05-30,-34432.24097826891
2025-06-02,27332.379936564714
2025-06-03,28858.321022090968
2025-06-04,4979.477100162767
2025-06-05,-39545.47989895707
2025-06-06,48921.0994899231
2025-06-09,18410.177801250014
2025-06-10,32261.486313455738
2025-06-11,-10296.476467479486
2025-06-12,18420.7283592443
2025-06-13,-28037.080685195047
2025-06-16,43042.316327009816
2025-06-17,-11906.872548943851
2025-06-18,10602.08540147962
2025-06-20,-21137.54637426976
2025-06-23,15391.78000124637
2025-06-24,30153.650087036192
2025-06-25,49974.6452131886
2025-06-26,28867.814921798185
2025-06-27,30600.765500480775
2025-06-30,-1335.7344627138227
2025-07-01,-41165.40180979436
2025-07-02,41331.3513910044
2025-07-03,34190.15301594511
2025-07-07,-32268.413099562284
2025-07-08,11895.216488812119
2025-07-09,32312.82288609771
2025-07-10,20794.229485237505
2025-07-11,10401.100310949143
2025-07-14,-7763.390926777385
2025-07-15,39315.396987627726
2025-07-16,4299.601406688802
2025-07-17,15575.376082155388
2025-07-18,-7651.677803257946
2025-07-21,4179.615965143777
2025-07-22,-32542.320897059515
2025-07-23,42530.97523294808
2025-07-24,16731.145041966345
2025-07-25,5416.214458487928
2025-07-28,33354.40292095812
2025-07-29,-20864.644836388994
2025-07-30,26043.6008195756
2025-07-31,10817.56494891597
2025-08-01,-82369.19129246334
2025-08-04,70623.85653338255
2025-08-05,-21479.05362810241
2025-08-06,26797.505269037094
2025-08-07,5993.320189055521
2025-08-08,39980.131474453956
2025-08-11,-6960.855757476762
2025-08-12,33182.708897663746
2025-08-13,-11889.868644760456
2025-08-14,10666.545622373
2025-08-15,-6851.696531435009
2025-08-18,7925.845942421816
2025-08-19,-65284.542701706756
2025-08-20,-12945.62841636641
2025-08-21,-7421.172209065873
2025-08-22,64006.06601701677
2025-08-25,15759.562426006421
2025-08-26,18139.735805660952
2025-08-27,4550.800181746483
2025-08-28,1282.9559146133251
2025-08-29,-51928.904578557704
2025-09-02,-36685.55136859231
2025-09-03,22833.330438341014
2025-09-04,30476.467751266435
2025-09-05,-50449.82001013961
2025-09-08,11381.763718721457
2025-09-09,44569.993455224205
2025-09-10,42363.31030396465
2025-09-11,16686.770108650904
2025-09-12,25637.061613894533
2025-09-15,29635.37845457252
2025-09-16,-8019.695278864354
2025-09-17,-32222.683526220266
2025-09-18,39793.25933421962
2025-09-19,18974.858987108804
2025-09-22,50398.3022275134
2025-09-23,-47978.07777631935
2025-09-24,-5395.956304811407
2025-09-25,-6497.53021802986
2025-09-26,18439.28994937986
2025-09-29,19528.133619428612
2025-09-30,27940.981498320587
2025-10-01,3442.639918011613
2025-10-02,4860.488180769142
2025-10-03,-9170.523378893267
2025-10-06,9630.519061494153
2025-10-07,-19996.539944922086
2025-10-08,35620.98682409199
2025-10-09,22068.367709568236
2025-10-10,-131554.32190605532
2025-10-13,79198.29734425014
2025-10-14,-74492.60200257553
2025-10-15,13057.805543484166
2025-10-16,-2781.9287690673955
2025-10-17,26734.50495766569
2025-10-20,28099.660446668975
2025-10-21,-20140.286470560823
2025-10-22,-9391.104303062893
2025-10-23,26989.908087843098
2025-10-24,44919.17142358981
2025-10-27,79548.61885528266
2025-10-28,80055.51154274074
2025-10-29,56093.425788495224
2025-10-30,-80045.16358849593
2025-10-31,4952.216879409738
2025-11-03,36363.2151555405
2025-11-04,-86970.10738525307
2025-11-05,-11055.876201159786
2025-11-06,-74544.3180518332
2025-11-07,-2896.210230394732
2025-11-10,119111.27342087682
2025-11-11,-36124.34761240985
2025-11-12,-11192.79325068323
2025-11-13,-92261.27969579445
2025-11-14,20564.048057741486
2025-11-17,-32610.457992339972
2025-11-18,-57769.049552072305
2025-11-19,42721.59771877155
2025-11-20,-66604.00363515923
2025-11-21,4476.6950241094455
2025-11-24,72492.84739768971
2025-11-25,-14324.521457057446
2025-11-26,26797.435619810596
2025-11-28,-2792.711376170628
2025-12-01,11068.362776608206
2025-12-02,14946.396474099718
2025-12-03,1428.3649035785347
2025-12-04,34546.555440817494
2025-12-05,-2191.21689586062
2025-12-08,4953.086711983662
2025-12-09,-7945.734054337256
2025-12-10,5797.02911879262
2025-12-11,-21801.136144476943
2025-12-12,-51309.880348116625
2025-12-15,7233.589771751314
2025-12-16,4503.494873624295
2025-12-17,-71912.52231992967
2025-12-18,45439.1225442905
2025-12-19,61352.150330024306
2025-12-22,34801.36464100517
2025-12-23,58089.718161789235
2025-12-24,1085.559102167841
2025-12-26,7682.456366828177
2025-12-29,-26483.738921324722
2025-12-30,-2296.898717675358
2025-12-31,-20603.54309904808
2026-01-02,15280.12568324944
2026-01-05,23343.643728159368
2026-01-06,-21213.391873953864
2026-01-07,2545.266151357908
2026-01-08,-9711.863237375394
2026-01-09,13766.6757651316
2026-01-12,-6011.826611763798
2026-01-13,-5247.661271189805
2026-01-14,-31335.934454417787
2026-01-15,25665.34421188431
2026-01-16,-7474.720024385955
2026-01-20,-104804.7794683869
2026-01-21,63426.10269138729
2026-01-22,43935.355440033134
2026-01-23,31614.383962275926
2026-01-26,5098.496299677063
2026-01-27,10577.150590348057
2026-01-28,27433.61294941092
2026-01-29,20963.989096217323
2026-01-30,-14948.360423033126
2026-02-02,-42756.27520232182
2026-02-03,-37985.67237694003
2026-02-04,-55403.92147351755
2026-02-05,-52864.317177651916
2026-02-06,116069.0921083088
2026-02-09,53752.01100567076
2026-02-10,-22492.204333951697
2026-02-11,5219.423039895017
2026-02-12,-72098.43217990454
2026-02-13,-46240.465244242456
2026-02-17,11182.60944542149
2026-02-18,44820.95861551585
2026-02-19,-2755.1648476896808
2026-02-20,30405.440835831687
2026-02-23,-14527.057571711484
2026-02-24,15527.644092847127
2026-02-25,48315.74245431274
2026-02-26,-90817.06495596375
2026-02-27,-61035.82725091372
2026-03-02,42020.42523933388
2026-03-03,-30313.840105450246
2026-03-04,31437.286200581584
2026-03-05,-4492.63160180999
2026-03-06,-64219.25405018637
2026-03-09,48799.59241304174
2026-03-10,10446.1298269392
2026-03-11,24032.059447323903
2026-03-12,-48034.0444026771
2026-03-13,-33226.872764261905
2026-03-16,47323.93489675457
2026-03-17,5162.453406639863
2026-03-18,-35030.136804353446
2026-03-19,-25342.087174545974
2026-03-20,-66581.75133161014
2026-03-23,44720.07986891456
2026-03-24,-11109.171340857167
2026-03-25,27804.14230506355
2026-03-26,-94619.47573060449
2026-03-27,-55687.534110293724
2026-03-30,-14177.593775479123
2026-03-31,129664.63458476635
2026-04-01,6713.995653837919
2026-04-02,2105.646320637781
2026-04-06,18444.01954174461
2026-04-07,15838.729993976653
2026-04-08,53146.451954250224
2026-04-09,29706.367198183667
2026-04-10,29725.189361328725
2026-04-13,26117.83553940896
2026-04-14,81507.9692716361
2026-04-15,46716.28148628026
2026-04-16,11371.434868137352
2026-04-17,34897.107451020274
2026-04-20,-4034.7002708017826
2026-04-21,-22038.946701164823
2026-04-22,49837.6928701736
2026-04-23,-39918.47858300246
2026-04-24,79602.56725641759
2026-04-27,69444.07579552755
2026-04-28,-16433.31799335964
2026-04-29,-21147.739410603885
2026-04-30,-54366.975927268155
2026-05-01,1341.1237912103534
2026-05-04,-2945.2179741822183
2026-05-05,-3739.4775847573765
2026-05-06,97196.05790913617
2026-05-07,22289.65663333796
2026-05-08,32033.835115106776
2026-05-11,31881.25622353377
2026-05-12,13909.01071860874
2026-05-13,71193.18413525494
2026-05-14,76148.22764345491
2026-05-15,-74385.47201214917
2026-05-18,-20099.64239763189
2026-05-19,-34090.99304908607
2026-05-20,22712.47830131743
2026-05-21,-29081.388682855293
2026-05-22,-27704.009810009506
2026-05-26,-13624.274295703508
2026-05-27,-11747.820390168577
2026-05-28,18818.693284905516
2026-05-29,-33561.067996173166
2026-06-01,80431.49547572201
2026-06-02,-27784.3242451977
2026-06-03,-61813.5436895364
2026-06-04,64108.98234207695
2026-06-05,-149818.11174387578
2026-06-08,24833.20634204941
2026-06-09,-26093.43829717161
2026-06-10,-85855.96968460688
2026-06-11,35370.924980315845
2026-06-12,10645.393414544873
2026-06-15,74319.90562699875
2026-06-16,-22330.365893002134
2026-06-17,-66741.5895630871
2026-06-18,46874.513103335164
2026-06-22,-44595.69288194366
2026-06-23,-71477.12011760566
2026-06-24,-28262.62640721351
2026-06-25,-50887.78095367877
2026-06-26,-11870.10132191889
2026-06-29,52804.341476211324
2026-06-30,53252.306771940086
2026-07-01,25604.522595238872
2026-07-02,-29582.53119703941
2026-07-06,32945.66698446497
2026-07-07,30866.387088113464
2026-07-08,28436.436133026145
2026-07-09,2254.4847207940184
2026-07-10,76793.53311580513
2026-07-13,-50271.561816567555
2026-07-14,77128.46285644686
2026-07-15,45335.76650134567
2026-07-16,-59565.48208025936
2026-07-17,-56887.69681195542
2026-07-20,4640.16063283151
2026-07-21,45828.67455947446
2026-07-22,24948.974458955694
